"EventID"	"TrapID"	"StartDate"	"EndDate"	"NA..4"
"1"	78	1	"2003.vi.08"	"2003.vi.17"	NA
"2"	79	1	"2003.vi.17"	"2003.vii.02"	NA
"3"	80	1	"2003.vii..02"	"2003.vii.11"	NA
"4"	308	1	"2003.vii.11"	"2003.viii.04"	NA
"5"	309	1	"2003.viii.04"	"2003.viii.29"	NA
"6"	310	1	"2003.viii.29"	"2003.x.01"	NA
"7"	311	1	"2003.x.01"	"2003.xi.11"	NA
"8"	312	1	"2003.xi.11"	"2004.i.15"	NA
"9"	313	1	"2004.i.15"	"2004.iii.28"	NA
"10"	314	1	"2004.iii.28"	"2004.v.12"	NA
"11"	315	1	"2004.v.12"	"2004.v.28"	NA
"12"	316	1	" 2004.v.28"	"2004.vi.16"	NA
"13"	841	1	"2004.vi.16"	"2004.vi.27"	NA
"14"	842	1	"2004.vi.27"	"2004.vii.14"	NA
"15"	843	1	"2004.vii.14"	"2004.viii.10"	NA
"16"	844	1	"2004.viii.10"	"2004.viii.25"	NA
"17"	845	1	"2004.viii.25"	"2004.ix.10"	NA
"18"	846	1	"2004.ix.10"	"2004.x.01"	NA
"19"	847	1	"2004.x.01"	"2004.x.26"	NA
"20"	848	1	"2004.x.26"	"2004.xii.29"	NA
"21"	849	1	"2004.xii.29"	"2005.iii.03"	NA
"22"	1567	1	"2005.iii.03"	"2005.iv.09"	NA
"23"	1568	1	"2005.iv.09"	"2005.iv.28"	NA
"24"	1569	1	"2005.iv.28"	"2005.v.19"	NA
"25"	1570	1	"2005.v.19"	"2005.vi.13"	NA
"26"	1571	1	"2005.vi.13"	"2005.vii.06"	NA
"27"	1572	1	"2005.vii.06"	"2005.vii.21"	NA
"28"	1573	1	"2005.vii.21"	"2005.viii.04"	NA
"29"	1574	1	"2005.viii.04"	"2005.viii.19"	NA
"30"	1575	1	"2005.viii.19"	"2005.ix.21"	NA
"31"	1576	1	"2005.ix.21"	"2005.x.10"	NA
"32"	1577	1	"2005.x.10"	"2006.iv.03"	NA
"33"	81	2	"2003.vi.08"	"2003.vii.02"	NA
"34"	82	2	"2003.vii.02"	"2003.vii.21"	NA
"35"	83	2	"2003.vii.21"	"2003.viii.04"	NA
"36"	104	2	"2003.viii.04"	"2003.viii.26"	NA
"37"	105	2	"2003.viii.26"	"2003.ix.09"	NA
"38"	106	2	"2003.ix.09"	"2003.ix.25"	NA
"39"	107	2	"2003.ix.25"	"2003.x.16"	NA
"40"	108	2	"2003.x.16"	"2003.xi.04"	NA
"41"	784	2	"2003.xi.04"	"2004.i.28"	NA
"42"	785	2	"2004.i.28"	"2004.vi.18"	NA
"43"	786	2	"2004.vi.18"	"2004.vi.21"	NA
"44"	787	2	"2004.vi.21"	"2004.vii.20"	NA
"45"	788	2	"2004.vii.20"	"2004.viii.11"	NA
"46"	789	2	"2004.viii.11"	"2004.ix.07"	NA
"47"	790	2	"2004.ix.07"	"2004.ix.22"	NA
"48"	791	2	"2004.ix.22"	"2004.x.21"	NA
"49"	792	2	"2004.x.21"	"2004.xii.02"	NA
"50"	2094	2	"2004.xii.02"	"2005.i.28"	NA
"51"	2095	2	"2005.i.28"	"2005.iii.21"	NA
"52"	2096	2	"2005.iii.21"	"2005.v.24"	NA
"53"	2097	2	"2005.v.24"	"2005.vi.09"	NA
"54"	1831	2	"2005.vi.09"	"2005.vii.01"	NA
"55"	1832	2	"2005.vii.01"	"2005.vii.22"	NA
"56"	1833	2	"2005.vii.22"	"2005.viii.22"	NA
"57"	1834	2	"2005.viii.22"	"2005.ix.12"	NA
"58"	1835	2	"2005.ix.12"	"2005.x.04"	NA
"59"	1836	2	"2005.x.04"	"2005.xi.03"	NA
"60"	1837	2	"2005.xi.03"	"2005.xii.09"	NA
"61"	1838	2	"2005.xii.09"	"2006.v.08"	NA
"62"	84	3	"2003.vi.08 "	"2003.vii.02"	NA
"63"	85	3	"2003.vii.02"	"2003.vii.21"	NA
"64"	86	3	"2003.vii.21"	"2003.viii.04"	NA
"65"	109	3	"2003.viii.04"	"2003.viii.26"	NA
"66"	110	3	"2003.viii.26"	"2003.ix.09"	NA
"67"	111	3	"2003.ix.09"	"2003.ix.25"	NA
"68"	112	3	"2003.ix.25"	"2003.x.16"	NA
"69"	113	3	"2003.x.16"	"2003.xi.04"	NA
"70"	793	3	"2003.xi.04"	"2003.xii.12"	NA
"71"	794	3	"2003.xii.12"	"2004.i.28"	NA
"72"	795	3	"2004.i.28"	"2004.iv.28"	NA
"73"	796	3	"2004.iv.28"	"2004.vi.18"	NA
"74"	797	3	"2004.vi.18"	"2004.vi.21"	NA
"75"	798	3	"2004.vi.21"	"2004.vii.20"	NA
"76"	799	3	"2004.vii.20"	"2004.viii.11"	NA
"77"	800	3	"2004.viii.11"	"2004.ix.07"	NA
"78"	801	3	"2004.ix.07"	"2004.ix.22"	NA
"79"	802	3	"2004.ix.22"	"2004.x.21"	NA
"80"	803	3	"2004.x.21"	"2004.xii.02"	NA
"81"	2098	3	"2004.xii.02"	"2005.i.28"	NA
"82"	2099	3	"2005.i.28"	"2005.iii.21"	NA
"83"	2100	3	"2005.iii.21"	"2005.v.24"	NA
"84"	2101	3	"2005.v.24"	"2005.vi.09"	NA
"85"	1839	3	"2005.vi.09"	"2005.vii.01"	NA
"86"	1840	3	"2005.vii.01"	"2005.vii.22"	NA
"87"	1841	3	"2005.vii.22"	"2005.viii.22"	NA
"88"	1842	3	"2005.viii.22"	"2005.ix.12"	NA
"89"	1843	3	"2005.ix.12"	"2005.x.04"	NA
"90"	1844	3	"2005.x.04"	"2005.xi.03"	NA
"91"	1845	3	"2005.xi.03"	"2005.xii.09"	NA
"92"	1846	3	"2005.xii.09"	"2006.v.08"	NA
"93"	87	4	"2003.vi.08"	"2003.vii.02"	NA
"94"	88	4	"2003.vii.02"	"2003.vii.21"	NA
"95"	89	4	"2003.vii.21"	"2003.viii.04"	NA
"96"	114	4	"2003.viii.04"	"2003.viii.26"	NA
"97"	223	4	"2003.viii.26"	"2003.ix.09"	NA
"98"	224	4	"2003.ix.09"	"2003.ix.25"	NA
"99"	225	4	"2003.ix.25"	"2003.x.16"	NA
"100"	226	4	"2003.x.16"	"2003.xi.04"	NA
"101"	804	4	"2003.xi.04"	"2003.xii.12"	NA
"102"	805	4	"2003.xii.12"	"2004.i.28"	NA
"103"	806	4	"2004.i.28"	"2004.iv.28"	NA
"104"	807	4	"2004.iv.28"	"2004.vi.18"	NA
"105"	808	4	"2004.vi.18"	"2004.vi.21"	NA
"106"	809	4	"2004.vi.21"	"2004.vii.20"	NA
"107"	810	4	"2004.vii.20"	"2004.viii.11"	NA
"108"	811	4	"2004.viii.11"	"2004.ix.07"	NA
"109"	812	4	"2004.ix.07"	"2004.ix.22"	NA
"110"	813	4	"2004.ix.22"	"2004.x.21"	NA
"111"	814	4	"2004.x.21"	"2004.xii.02"	NA
"112"	2091	4	"2004.xii.02"	"2005.i.28"	NA
"113"	2092	4	"2005.i.28"	"2005.iii.21"	NA
"114"	2090	4	"2005.iii.21"	"2005.v.24"	NA
"115"	2093	4	"2005.v.24"	"2005.vi.09"	NA
"116"	1847	4	"2005.vi.09"	"2005.vii.01"	NA
"117"	1848	4	"2005.vii.01"	"2005.vii.22"	NA
"118"	1849	4	"2005.vii.22"	"2005.viii.22"	NA
"119"	1850	4	"2005.viii.22"	"2005.ix.12"	NA
"120"	1851	4	"2005.ix.12"	"2005.x.04"	NA
"121"	1852	4	"2005.x.04"	"2005.xi.03"	NA
"122"	1853	4	"2005.xi.03"	"2005.xii.09"	NA
"123"	1854	4	"2005.xii.09"	"2006.v.08"	NA
"124"	64	5	"2003.vi.16"	"2003.vii.02"	NA
"125"	65	5	"2003.vii.02"	"2003.vii.14"	NA
"126"	71	5	"2003.vii.14"	"2003.vii.28"	NA
"127"	76	5	"2003.vii.28"	"2003.viii.11"	NA
"128"	77	5	"2003.viii.11"	"2003.viii.30"	NA
"129"	90	5	"2003.viii.30"	"2003.ix.17"	NA
"130"	99	5	"2003.ix.17"	"2003.x.06"	NA
"131"	101	5	"2003.x.06"	"2003.x.20"	NA
"132"	102	5	"2003.x.20"	"2003.xi.03"	NA
"133"	181	5	"2003.xi.03"	"2003.xi.17"	NA
"134"	227	5	"2003.xi.17"	"2003.xii.01"	NA
"135"	265	5	"2003.xii.01"	"2003.xii.15"	NA
"136"	268	5	"2003.xii.15"	"2003.xii.29"	NA
"137"	269	5	"2003.xii.29 "	"2004.i.12"	NA
"138"	282	5	"2004.i.12"	"2004.i.26"	NA
"139"	283	5	"2004.i.26"	"2004.ii.09"	NA
"140"	300	5	"2004.ii.09"	"2004.ii.23"	NA
"141"	348	5	"2004.ii.23"	"2004.iii.10"	NA
"142"	349	5	"2004.iii.10"	"2004.i.12"	NA
"143"	350	5	"2004.iv.016"	"2004.iv.16"	NA
"144"	351	5	"2004.iv.16"	"2004.v.03"	NA
"145"	352	5	"2004.v.03"	"2004.v.18"	NA
"146"	353	5	"2004.v.18"	"2004.vi.07"	NA
"147"	354	5	"2004.vi.07"	"2004.vi.16"	NA
"148"	764	5	"2004.vi.16"	"2004.vi.30"	NA
"149"	765	5	"2004.vi.30"	"2004.vii.13"	NA
"150"	766	5	"2004.vii.13"	"2004.viii.10"	NA
"151"	767	5	"2004.viii.10"	"2004.viii.16"	NA
"152"	768	5	"2004.viii.16"	"2004.ix.08"	NA
"153"	769	5	"2004.viii.16"	"2004.x.20"	NA
"154"	368	6	"2003.vi.17"	"2003.vii.02"	NA
"155"	369	6	"2003.vii.02"	"2003.vii.29"	NA
"156"	370	6	"2003.vii.29"	"2003.viii.12"	NA
"157"	371	6	"2003.viii.12"	"2003.viii.26"	NA
"158"	372	6	"2003.viii.26"	"2003.ix.09"	NA
"159"	373	6	"2003.ix.09"	"2003.x.20"	NA
"160"	374	6	"2003.x.20"	"2003.xi.18"	NA
"161"	375	6	"2003.xi.18"	"2003.xii.09"	NA
"162"	376	6	"2003.xii.09"	"2004.vi.14"	NA
"163"	377	6	"2004.vi.14"	"2004.vi.27"	NA
"164"	850	6	"2004.vi.27"	"2004.vii.01"	NA
"165"	851	6	"2004.vii.01"	"2004.vii.26"	NA
"166"	852	6	"2004.vii.26"	"2004.viii.18"	NA
"167"	853	6	"2004.viii.18"	"2004.ix.04"	NA
"168"	854	6	"2004.ix.04"	"2004.ix.20"	NA
"169"	855	6	"2004.ix.20"	"2004.x.04"	NA
"170"	856	6	"2004.x.04"	"2004.xi.01"	NA
"171"	857	6	"2004.xi.01"	"2004.xii.06"	NA
"172"	1578	6	"2004.xii.06"	"2005.vi.03"	NA
"173"	1579	6	"2005.vi.03"	"2005.vi.30"	NA
"174"	1580	6	"2005.vi.30"	"2005.vii.17"	NA
"175"	1581	6	"2005.vii.17"	"2005.viii.22"	NA
"176"	1582	6	"2005.viii.22"	"2005.ix.11"	NA
"177"	1583	6	"2005.ix.11"	"2005.x.02"	NA
"178"	1584	6	"2005.x.02"	"2006.i.12"	NA
"179"	1585	6	"2006.i.12"	"2006.v.07"	NA
"180"	378	7	"2003.vi.17"	"2003.vii.03"	NA
"181"	379	7	"2003.vii.03"	"2003.vii.29"	NA
"182"	380	7	"2003.vii.29"	"2003.viii.12"	NA
"183"	381	7	"2003.viii.12"	"2003.viii.26"	NA
"184"	382	7	"2003.viii.26"	"2003.ix.09"	NA
"185"	383	7	"2003.ix.09"	"2003.x.20"	NA
"186"	384	7	"2003.x.20"	"2003.xi.18"	NA
"187"	385	7	"2003.xi.18"	"2003.xii.09"	NA
"188"	386	7	"2003.xii.09"	"2004.iv.20"	NA
"189"	387	7	"2004.iv.20"	"2004.vi.14"	NA
"190"	388	7	"2004.vi.14"	"2004.vi.27"	NA
"191"	858	7	"2004.vi.27"	"2004.vii.01"	NA
"192"	859	7	"2004.vii.01"	"2004.vii.26"	NA
"193"	860	7	"2004.vii.26"	"2004.ix.04"	NA
"194"	861	7	"2004.ix.04"	"2004.ix.20"	NA
"195"	862	7	"2004.ix.20"	"2004.x.04"	NA
"196"	863	7	"2004.x.04"	"2004.xi.01"	NA
"197"	864	7	"2004.xi.01"	"2004.xii.06"	NA
"198"	1586	7	"2004.xii.06"	"2005.iv.11"	NA
"199"	1587	7	"2005.iv.11"	"2005.iv.28"	NA
"200"	1588	7	"2005.iv.28"	"2005.v.16"	NA
"201"	1589	7	"2005.v.16"	"2005.v.24"	NA
"202"	1590	7	"2005.v.24"	"2005.vi.14"	NA
"203"	1591	7	"2005.vi.14"	"2005.vii.04"	NA
"204"	1592	7	"2005.vii.04"	"2005.vii.17"	NA
"205"	1593	7	"2005.vii.17"	"2005.viii.16"	NA
"206"	1594	7	"2005.viii.16"	"2005.ix.11"	NA
"207"	1595	7	"2005.ix.11"	"2005.ix.26"	NA
"208"	1596	7	"2005.ix.26"	"2005.xii.05"	NA
"209"	1597	7	"2005.xii.05"	"2006.i.16"	NA
"210"	1598	7	"2006.i.16"	"2006.iv.18"	NA
"211"	389	8	"2003.vi.18"	"2003.vii.04"	NA
"212"	390	8	"2003.vii.04"	"2003.vii.15"	NA
"213"	391	8	"2003.vii.15"	"2003.viii.04"	NA
"214"	392	8	"2003.viii.04"	"2003.viii.19"	NA
"215"	393	8	"2003.viii.19"	"2003.ix.07"	NA
"216"	394	8	"2003.ix.07"	"2004.vi.01"	NA
"217"	395	8	"2004.vi.01"	"2004.vi.15"	NA
"218"	1557	8	"2004.vi.15"	"2004.vi.28"	NA
"219"	1558	8	"2004.vi.28"	"2004.vii.13"	NA
"220"	1559	8	"2004.vii.13"	"2004.vii.29"	NA
"221"	1560	8	"2004.vii.29"	"2004.viii.08"	NA
"222"	1561	8	"2004.viii.08"	"2004.viii.27"	NA
"223"	1562	8	"2004.viii.27"	"2004.ix.10"	NA
"224"	1563	8	"2004.ix.10"	"2004.xii.17"	NA
"225"	1599	8	"2004.xii.17"	"2005.iv.30"	NA
"226"	1600	8	"2005.iv.30"	"2005.v.20"	NA
"227"	1601	8	"2005.v.20"	"2005.vi.20"	NA
"228"	1602	8	"2005.vi.20"	"2005.vii.18"	NA
"229"	1603	8	"2005.vii.18"	"2005.ix.05"	NA
"230"	1604	8	"2005.ix.05"	"2005.xi.15"	NA
"231"	1605	8	"2005.xi.15"	"2006.iv.05"	NA
"232"	355	9	"2003.vi.18"	"2003.vii.06"	NA
"233"	356	9	"2003.vii.06"	"2003.vii.19"	NA
"234"	357	9	"2003.vii.19"	"2003.viii.02"	NA
"235"	2064	9	"2003.viii.02"	"2003.viii.13"	NA
"236"	358	9	"2003.viii.13"	"2003.viii.31"	NA
"237"	359	9	"2003.viii.31"	"2003.ix.01"	NA
"238"	360	9	"2003.ix.01"	"2003.ix.19"	NA
"239"	361	9	"2003.ix.19"	"2003.ix.27"	NA
"240"	362	9	"2003.ix.27"	"2003.x.12"	NA
"241"	363	9	"2003.x.12"	"2003.xii.26"	NA
"242"	364	9	"2003.xii.26"	"2004.iv.06"	NA
"243"	365	9	"2004.iv.06"	"2004.iv.27"	NA
"244"	366	9	"2004.iv.27"	"2004.v.22"	NA
"245"	367	9	"2004.v.22"	"2004.v.31"	NA
"246"	865	9	"2004.v.31"	"2004.vi.19"	NA
"247"	866	9	"2004.vi.19"	"2004.vii.11"	NA
"248"	867	9	"2004.vii.11"	"2004.viii.07"	NA
"249"	868	9	"2004.viii.07"	"2004.viii.17"	NA
"250"	869	9	"2004.viii.17"	"2004.ix.01"	NA
"251"	870	9	"2004.ix.01"	"2004.ix.20"	NA
"252"	871	9	"2004.ix.20"	"2004.ix.30"	NA
"253"	872	9	"2004.ix.30"	"2004.x.25"	NA
"254"	873	9	"2004.x.25"	"2004.xii.19"	NA
"255"	874	9	"2004.xii.19"	"2005.iii.25"	NA
"256"	875	9	"2005.iii.25"	"2005.v.01"	NA
"257"	1606	9	"2005.v.01"	"2005.v.15"	NA
"258"	1607	9	"2005.v.15"	"2005.v.28"	NA
"259"	1608	9	"2005.v.28"	"2005.vi.11"	NA
"260"	1609	9	"2005.vi.11"	"2005.vi.24"	NA
"261"	1610	9	"2005.vi.24"	"2005.vii.16"	NA
"262"	1611	9	"2005.vii.16"	"2005.viii.06"	NA
"263"	1612	9	"2005.viii.06"	"2005.viii.22"	NA
"264"	1613	9	"2005.viii.22"	"2005.ix.05"	NA
"265"	1614	9	"2005.ix.05"	"2005.x.04"	NA
"266"	1615	9	"2005.x.04"	"2005.x.21"	NA
"267"	1616	9	"2005.x.21"	"2005.xii.08"	NA
"268"	396	10	"2003.vi.23"	"2003.vii.08"	NA
"269"	397	10	"2003.vii.08"	"2003.vii.21"	NA
"270"	398	10	"2003.vii.21"	"2003.viii.04"	NA
"271"	399	10	"2003.viii.04"	"2003.viii.26"	NA
"272"	400	10	"2003.viii.26"	"2003.ix.16"	NA
"273"	401	10	"2003.ix.16"	"2003.x.14"	NA
"274"	402	10	"2003.x.14"	"2003.xi.11"	NA
"275"	403	10	"2003.xi.11"	"2004.i.14"	NA
"276"	404	10	"2004.i.14"	"2004.ii.18"	NA
"277"	405	10	"2004.ii.18"	"2004.iii.27"	NA
"278"	406	10	"2004.iii.27"	"2004.iv.15"	NA
"279"	407	10	"2004.iv.15"	"2004.v.13"	NA
"280"	408	10	"2004.v.13"	"2004.vi.18"	NA
"281"	876	10	"2004.vi.18"	"2004.vii.01"	NA
"282"	877	10	"2004.vii.01"	"2004.vii.28"	NA
"283"	878	10	"2004.vii.28"	"2004.ix.16"	NA
"284"	879	10	"2004.ix.16"	"2004.xii.16"	NA
"285"	880	10	"2004.xii.16"	"2005.iii.03"	NA
"286"	1617	10	"2005.iii.03"	"2005.iii.30"	NA
"287"	1618	10	"2005.iii.30"	"2005.iv.15"	NA
"288"	1619	10	"2005.iv.15"	"2005.v.03"	NA
"289"	1620	10	"2005.v.03"	"2005.v.18"	NA
"290"	1621	10	"2005.v.18"	"2005.v.31"	NA
"291"	1622	10	"2005.v.31"	"2005.vii.01"	NA
"292"	1623	10	"2005.vii.01"	"2005.vii.15"	NA
"293"	1624	10	"2005.vii.15"	"2005.viii.01"	NA
"294"	1625	10	"2005.viii.01"	"2005.viii.15"	NA
"295"	1626	10	"2005.viii.15"	"2005.ix.01"	NA
"296"	1627	10	"2005.ix.01"	"2005.ix.16"	NA
"297"	1628	10	"2005.ix.16"	"2005.x.03"	NA
"298"	1629	10	"2005.x.03"	"2005.x.24"	NA
"299"	1630	10	"2005.x.24"	"2005.xii.01"	NA
"300"	1631	10	"2005.xii.01"	"2006.v.11"	NA
"301"	409	11	"2003.vi.23"	"2003.vii.07"	NA
"302"	410	11	"2003.vii.07"	"2003.vii.23"	NA
"303"	411	11	"2003.vii.23"	"2003.viii.04"	NA
"304"	412	11	"2003.viii.04"	"2003.viii.18"	NA
"305"	413	11	"2003.viii.18"	"2003.ix.01"	NA
"306"	414	11	"2003.ix.01"	"2003.ix.15"	NA
"307"	415	11	"2003.ix.15"	"2003.x.01"	NA
"308"	416	11	"2003.x.01"	"2003.x.25"	NA
"309"	417	11	"2003.x.25"	"2004.vi.08"	NA
"310"	418	11	"2004.vi.08"	"2004.vi.16"	NA
"311"	881	11	"2004.vi.16"	"2004.vii.09"	NA
"312"	882	11	"2004.vii.09"	"2004.vii.21"	NA
"313"	883	11	"2004.vii.21"	"2004.vii.29"	NA
"314"	884	11	"2004.vii.29"	"2004.viii.14"	NA
"315"	885	11	"2004.viii.14"	"2004.viii.27"	NA
"316"	886	11	"2004.viii.27"	"2004.ix.14"	NA
"317"	887	11	"2004.ix.14"	"2004.x.09"	NA
"318"	1632	11	"2004.x.09"	"2005.v.22"	NA
"319"	1633	11	"2005.v.22"	"2005.vi.06"	NA
"320"	1634	11	"2005.vi.06"	"2005.vi.23"	NA
"321"	1635	11	"2005.vi.23"	"2005.viii.14"	NA
"322"	1636	11	"2005.viii.14"	"2005.ix.06"	NA
"323"	1637	11	"2005.ix.06"	"2005.ix.25"	NA
"324"	1638	11	"2005.ix.25"	"2005.x.17"	NA
"325"	69	12	"2003.vi.24"	"2003.vii.05"	NA
"326"	70	12	"2003.vii.05"	"2003.vii.20"	NA
"327"	175	12	"2003.vii.20"	"2003.viii.02"	NA
"328"	176	12	"2003.viii.02"	"2003.viii.09"	NA
"329"	177	12	"2003.viii.09"	"2003.viii.25"	NA
"330"	178	12	"2003.viii.25"	"2003.ix.19"	NA
"331"	179	12	"2003.ix.19"	"2003.x.09"	NA
"332"	180	12	"2003.x.09"	"2003.x.19"	NA
"333"	419	12	"2003.x.19"	"2003.xi.29"	NA
"334"	420	12	"2003.xi.29"	"2004.i.11"	NA
"335"	421	12	"2004.i.11"	"2004.iii.27"	NA
"336"	422	12	"2004.iii.27"	"2004.iv.24"	NA
"337"	888	12	"2004.iv.24"	"2004.v.16"	NA
"338"	889	12	"2004.v.16"	"2004.vi.13"	NA
"339"	890	12	"2004.vi.13"	"2004.vi.27"	NA
"340"	891	12	"2004.vi.27"	"2004.vii.17"	NA
"341"	892	12	"2004.vii.17"	"2004.viii.01"	NA
"342"	893	12	"2004.viii.01"	"2004.viii.09"	NA
"343"	894	12	"2004.viii.09"	"2004.viii.19"	NA
"344"	895	12	"2004.viii.19"	"2004.viii.28"	NA
"345"	896	12	"2004.viii.28"	"2004.ix.11"	NA
"346"	897	12	"2004.ix.11"	"2004.x.02"	NA
"347"	898	12	"2004.x.02"	"2004.x.31"	NA
"348"	899	12	"2004.x.31"	"2004.xii.04"	NA
"349"	900	12	"2004.xii.04"	"2005.i.05"	NA
"350"	901	13	"2003.vi.24"	"2003.vii.22"	NA
"351"	902	13	"2003.vii.22"	"2003.viii.05"	NA
"352"	903	13	"2003.viii.05"	"2003.ix.03"	NA
"353"	904	13	"2003.ix.03"	"2003.ix.17"	NA
"354"	905	13	"2003.ix.17"	"2003.x.03"	NA
"355"	906	13	"2003.x.03"	"2003.x.14"	NA
"356"	907	13	"2003.x.14"	"2003.xi.14"	NA
"357"	908	13	"2003.xi.14"	"2003.xii.09"	NA
"358"	1748	13	"2003.xii.09"	"2004.iii.25"	NA
"359"	1749	13	"2004.iii.25"	"2004.iv.25"	NA
"360"	1750	13	"2004.iv.25"	"2004.v.25"	NA
"361"	909	13	"2004.v.25"	"2004.vi.08"	NA
"362"	910	13	"2004.vi.08"	"2004.vi.23"	NA
"363"	911	13	"2004.vi.23"	"2004.vii.07"	NA
"364"	912	13	"2004.vii.07"	"2004.viii.08"	NA
"365"	913	13	"2004.viii.08"	"2004.viii.17"	NA
"366"	914	13	"2004.viii.17"	"2004.ix.08"	NA
"367"	915	13	"2004.ix.08"	"2004.x.27"	NA
"368"	916	13	"2004.x.27"	"2004.xii.15"	NA
"369"	917	13	"2004.xii.15"	"2005.iii.03"	NA
"370"	1639	13	"2005.iii.03"	"2005.iv.28"	NA
"371"	1640	13	"2005.iv.28"	"2005.v.28"	NA
"372"	1641	13	"2005.v.28"	"2005.vi.15"	NA
"373"	1642	13	"2005.vi.15"	"2005.vii.05"	NA
"374"	1643	13	"2005.vii.05"	"2005.vii.12"	NA
"375"	1644	13	"2005.vii.12"	"2005.vii.20"	NA
"376"	1645	13	"2005.vii.20"	"2005.vii.26"	NA
"377"	1646	13	"2005.vii.26"	"2005.viii.02"	NA
"378"	1647	13	"2005.viii.02"	"2005.viii.23"	NA
"379"	1648	13	"2005.viii.23"	"2005.ix.16"	NA
"380"	918	14	"2003.vi.24"	"2003.vii.22"	NA
"381"	919	14	"2003.vii.22"	"2003.viii.05"	NA
"382"	920	14	"2003.viii.05"	"2003.ix.03"	NA
"383"	921	14	"2003.ix.03"	"2003.ix.17"	NA
"384"	922	14	"2003.ix.17"	"2003.x.01"	NA
"385"	923	14	"2003.x.01"	"2003.x.14"	NA
"386"	924	14	"2003.x.14"	"2003.xi.14"	NA
"387"	925	14	"2003.xi.14"	"2003.xii.09"	NA
"388"	1751	14	"2003.xii.09"	"2004.iii.25"	NA
"389"	1752	14	"2004.iii.25"	"2004.iv.25"	NA
"390"	1753	14	"2004.iv.25"	"2004.v.25"	NA
"391"	1999	14	"2004.v.25"	"2004.vi.08"	NA
"392"	927	14	"2004.vi.08"	"2004.vi.23"	NA
"393"	928	14	"2004.vi.23"	"2004.vii.07"	NA
"394"	929	14	"2004.vii.07"	"2004.viii.08"	NA
"395"	930	14	"2004.viii.08"	"2004.viii.17"	NA
"396"	931	14	"2004.viii.17"	"2004.ix.08"	NA
"397"	932	14	"2004.ix.08"	"2004.x.27"	NA
"398"	933	14	"2004.x.27"	"2004.xii.15"	NA
"399"	934	14	"2004.xii.15"	"2005.iii.03"	NA
"400"	1649	14	"2005.iii.03"	"2005.iv.28"	NA
"401"	1650	14	"2005.iv.28"	"2005.v.28"	NA
"402"	1651	14	"2005.v.28"	"2005.vi.15"	NA
"403"	1652	14	"2005.vi.15"	"2005.vii.05"	NA
"404"	1653	14	"2005.vii.05"	"2005.vii.19"	NA
"405"	1654	14	"2005.vii.19"	"2005.viii.02"	NA
"406"	1655	14	"2005.viii.02"	"2005.viii.23"	NA
"407"	1656	14	"2005.viii.23"	"2005.ix.16"	NA
"408"	1657	14	"2005.ix.16"	"2006.iv.24"	NA
"409"	935	15	"2003.vi.24"	"2003.vii.22"	NA
"410"	936	15	"2003.vii.22"	"2003.viii.05"	NA
"411"	937	15	"2003.viii.05"	"2003.viii.18"	NA
"412"	938	15	"2003.viii.18"	"2003.ix.03"	NA
"413"	939	15	"2003.ix.03"	"2003.ix.17"	NA
"414"	940	15	"2003.ix.17"	"2003.x.01"	NA
"415"	941	15	"2003.x.01"	"2003.x.14"	NA
"416"	942	15	"2003.x.14"	"2003.xi.14"	NA
"417"	943	15	"2003.xi.14"	"2003.xii.09"	NA
"418"	1754	15	"2003.xii.09"	"2004.iii.25"	NA
"419"	1755	15	"2004.iii.25"	"2004.iv.25"	NA
"420"	1756	15	"2004.iv.25"	"2004.v.25"	NA
"421"	944	15	"2004.v.25"	"2004.vi.23"	NA
"422"	945	15	"2004.vi.23"	"2004.vii.07"	NA
"423"	946	15	"2004.vii.07"	"2004.viii.08"	NA
"424"	947	15	"2004.viii.08"	"2004.ix.08"	NA
"425"	948	15	"2004.ix.08"	"2004.x.27"	NA
"426"	949	15	"2004.x.27"	"2004.xii.15"	NA
"427"	950	15	"2004.xii.15"	"2005.iii.03"	NA
"428"	1658	15	"2005.iii.03"	"2005.v.28"	NA
"429"	1659	15	"2005.v.28"	"2005.vii.05"	NA
"430"	1660	15	"2005.vii.05"	"2005.vii.19"	NA
"431"	1661	15	"2005.vii.19"	"2005.viii.02"	NA
"432"	1662	15	"2005.viii.02"	"2005.viii.23"	NA
"433"	1663	15	"2005.viii.23"	"2005.ix.16"	NA
"434"	1664	15	"2005.ix.16"	"2006.iv.24"	NA
"435"	951	16	"2003.vi.24"	"2003.vii.22"	NA
"436"	952	16	"2003.vii.22"	"2003.ix.03"	NA
"437"	953	16	"2003.ix.03"	"2003.ix.17"	NA
"438"	954	16	"2003.ix.17"	"2003.x.01"	NA
"439"	955	16	"2003.x.01"	"2003.x.14"	NA
"440"	956	16	"2003.x.14"	"2003.xi.14"	NA
"441"	957	16	"2003.xi.14"	"2003.xii.09"	NA
"442"	1757	16	"2003.xii.09"	"2004.iii.25"	NA
"443"	1758	16	"2004.iii.25"	"2004.iv.24"	NA
"444"	1759	16	"2004.iv.24"	"2004.v.25"	NA
"445"	958	16	"2004.v.25"	"2004.vi.08"	NA
"446"	959	16	"2004.vi.08"	"2004.vi.23"	NA
"447"	960	16	"2004.vi.23"	"2004.vii.07"	NA
"448"	961	16	"2004.vii.07"	"2004.viii.08"	NA
"449"	962	16	"2004.viii.08"	"2004.ix.08"	NA
"450"	963	16	"2004.ix.08"	"2004.x.27"	NA
"451"	964	16	"2004.x.27"	"2004.xii.15"	NA
"452"	965	16	"2004.xii.15"	"2005.iii.03"	NA
"453"	1665	16	"2005.iii.03"	"2005.v.28"	NA
"454"	1666	16	"2005.v.28"	"2005.vii.05"	NA
"455"	1667	16	"2005.vii.05"	"2005.vii.19"	NA
"456"	1668	16	"2005.vii.19"	"2005.viii.02"	NA
"457"	1669	16	"2005.viii.02"	"2005.viii.23"	NA
"458"	1670	16	"2005.viii.23"	"2006.iv.24"	NA
"459"	270	17	"2003.vi.24"	"2003.vii.08"	NA
"460"	271	17	"2003.vii.08"	"2003.vii.19"	NA
"461"	272	17	"2003.vii.19"	"2003.viii.12"	NA
"462"	273	17	"2003.viii.12"	"2003.viii.23"	NA
"463"	274	17	"2003.viii.23"	"2003.ix.10"	NA
"464"	275	17	"2003.ix.10"	"2003.ix.24"	NA
"465"	276	17	"2003.ix.24"	"2003.x.07"	NA
"466"	277	17	"2003.x.07"	"2003.x.22"	NA
"467"	278	17	"2003.x.22"	"2003.xi.14"	NA
"468"	279	17	"2003.xi.14"	"2003.xii.20"	NA
"469"	280	17	"2003.xii.20"	"2003.xii.28"	NA
"470"	423	17	"2003.xii.28"	"2004.ii.02"	NA
"471"	424	17	"2004.ii.02"	"2004.ii.21"	NA
"472"	425	17	"2004.ii.21"	"2004.iii.27"	NA
"473"	426	17	"2004.iii.27"	"2004.iv.13"	NA
"474"	427	17	"2004.iv.13"	"2004.iv.28"	NA
"475"	428	17	"2004.iv.28"	"2004.v.19"	NA
"476"	966	17	"2004.v.19"	"2004.vi.10"	NA
"477"	967	17	"2004.vi.10"	"2004.vii.13"	NA
"478"	968	17	"2004.vii.13"	"2004.viii.20"	NA
"479"	969	17	"2004.viii.20"	"2004.x.10"	NA
"480"	970	17	"2004.x.10"	"2004.x.25"	NA
"481"	971	17	"2004.x.25"	"2004.xi.16"	NA
"482"	972	17	"2004.xi.16"	"2004.xii.06"	NA
"483"	973	17	"2004.xii.06"	"2004.xii.23"	NA
"484"	974	17	"2004.xii.23"	"2005.iii.01"	NA
"485"	1512	17	"2005.iii.01"	"2005.iv.15"	NA
"486"	1513	17	"2005.iv.15"	"2005.v.31"	NA
"487"	1514	17	"2005.v.31"	"2005.vi.15"	NA
"488"	1515	17	"2005.vi.15"	"2005.vii.01"	NA
"489"	1516	17	"2005.vii.01"	"2005.vii.17"	NA
"490"	1517	17	"2005.vii.17"	"2005.viii.31"	NA
"491"	1518	17	"2005.viii.31"	"2005.ix.13"	NA
"492"	1519	17	"2005.ix.13"	"2005.x.04"	NA
"493"	1520	17	"2005.x.04"	"2005.xi.22"	NA
"494"	1521	17	"2005.xi.22"	"2006.iii.18"	NA
"495"	1522	17	"2006.iii.18"	"2006.v.10"	NA
"496"	66	18	"2003.vi.25"	"2003.vii.06"	NA
"497"	67	18	"2003.vii.06"	"2003.vii.11"	NA
"498"	68	18	"2003.vii.11"	"2003.vii.17"	NA
"499"	72	18	"2003.vii.17"	"2003.vii.23"	NA
"500"	73	18	"2003.vii.23"	"2003.vii.29"	NA
"501"	74	18	"2003.vii.29"	"2003.viii.04"	NA
"502"	75	18	"2003.viii.04"	"2003.viii.10"	NA
"503"	91	18	"2003.viii.10"	"2003.viii.16"	NA
"504"	92	18	"2003.viii.16"	"2003.viii.22"	NA
"505"	93	18	"2003.viii.22"	"2003.viii.28"	NA
"506"	94	18	"2003.viii.28"	"2003.ix.10"	NA
"507"	95	18	"2003.ix.10"	"2003.ix.20"	NA
"508"	96	18	"2003.ix.20"	"2003.ix.30"	NA
"509"	97	18	"2003.ix.30"	"2003.x.15"	NA
"510"	98	18	"2003.x.15"	"2003.x.30"	NA
"511"	228	18	"2003.x.30"	"2003.xi.15"	NA
"512"	229	18	"2003.xi.15"	"2003.xi.30"	NA
"513"	230	18	"2003.xi.30"	"2003.xii.15"	NA
"514"	231	18	"2003.xii.15"	"2003.xii.30"	NA
"515"	232	18	"2003.xii.30"	"2004.i.15"	NA
"516"	329	18	"2004.i.15"	"2004.ii.15"	NA
"517"	330	18	"2004.ii.15"	"2004.iii.15"	NA
"518"	331	18	"2004.iii.15"	"2004.iii.30"	NA
"519"	332	18	"2004.iii.30"	"2004.iv.10"	NA
"520"	333	18	"2004.iv.10"	"2004.iv.18"	NA
"521"	334	18	"2004.iv.18"	"2004.iv.30"	NA
"522"	335	18	"2004.iv.30"	"2004.v.10"	NA
"523"	336	18	"2004.v.10"	"2004.v.20"	NA
"524"	337	18	"2004.v.20"	"2004.v.30"	NA
"525"	338	18	"2004.v.30"	"2004.vi.10"	NA
"526"	339	18	"2004.vi.10"	"2004.vi.20"	NA
"527"	340	18	"2004.vi.20"	"2004.vi.30"	NA
"528"	341	18	"2004.vi.30"	"2004.vii.10"	NA
"529"	342	18	"2004.vii.10"	"2004.vii.20"	NA
"530"	343	18	"2004.vii.20"	"2004.vii.30"	NA
"531"	344	18	"2004.vii.30"	"2004.viii.10"	NA
"532"	345	18	"2004.viii.10"	"2004.viii.20"	NA
"533"	346	18	"2004.viii.20"	"2004.viii.30"	NA
"534"	729	18	"2004.viii.30"	"2004.ix.10"	NA
"535"	730	18	"2004.ix.10"	"2004.ix.20"	NA
"536"	731	18	"2004.ix.20"	"2004.ix.30"	NA
"537"	732	18	"2004.ix.30"	"2004.x.15"	NA
"538"	733	18	"2004.x.15"	"2004.x.30"	NA
"539"	2107	18	"2004.x.30"	"2004.xi.15"	NA
"540"	5016	18	"2004.xi.15"	"2004.xii.07"	NA
"541"	1024	18	"2004.xii.07"	"2005.ii.12"	NA
"542"	1025	18	"2005.ii.12"	"2005.iv.11"	NA
"543"	1026	18	"2005.iv.11"	"2005.iv.19"	NA
"544"	233	20	"2003.vi.25"	"2003.vii.20"	NA
"545"	234	20	"2003.vii.20"	"2003.viii.12"	NA
"546"	235	20	"2003.viii.12"	"2003.ix.01"	NA
"547"	236	20	"2003.ix.01"	"2003.x.05"	NA
"548"	237	20	"2003.x.05"	"2003.x.26"	NA
"549"	975	20	"2003.x.26"	"2003.xii.16"	NA
"550"	976	20	"2003.xii.16"	"2004.iv.01"	NA
"551"	977	20	"2004.iv.01"	"2004.iv.29"	NA
"552"	978	20	"2004.iv.29"	"2004.v.27"	NA
"553"	979	20	"2004.v.27"	"2004.vi.11"	NA
"554"	980	20	"2004.vi.11"	"2004.vi.26"	NA
"555"	981	20	"2004.vi.26"	"2004.vii.28"	NA
"556"	982	20	"2004.vii.28"	"2004.viii.24"	NA
"557"	983	20	"2004.viii.24"	"2004.x.20"	NA
"558"	984	20	"2004.x.20"	"2004.xi.14"	NA
"559"	1493	20	"2004.xi.14"	"2005.iii.31"	NA
"560"	1494	20	"2005.iii.31"	"2005.v.09"	NA
"561"	1495	20	"2005.v.09"	"2005.vi.03"	NA
"562"	1496	20	"2005.vi.03"	"2005.vi.26"	NA
"563"	1497	20	"2005.vi.26"	"2005.vii.05"	NA
"564"	1498	20	"2005.vii.05"	"2005.viii.02"	NA
"565"	1499	20	"2005.viii.02"	"2005.ix.10"	NA
"566"	1500	20	"2005.ix.10"	"2005.x.31"	NA
"567"	1501	20	"2005.x.31"	"2005.xii.30"	NA
"568"	238	21	"2003.vi.25"	"2003.vii.24"	NA
"569"	239	21	"2003.vii.24"	"2003.viii.01"	NA
"570"	240	21	"2003.viii.01"	"2003.viii.25"	NA
"571"	241	21	"2003.viii.25"	"2003.ix.04"	NA
"572"	242	21	"2003.ix.04"	"2003.x.01"	NA
"573"	243	21	"2003.x.01"	"2003.x.20"	NA
"574"	985	21	"2003.x.20"	"2003.xii.11"	NA
"575"	986	21	"2003.xii.11"	"2004.iii.23"	NA
"576"	987	21	"2004.iii.23"	"2004.iv.14"	NA
"577"	988	21	"2004.iv.14"	"2004.iv.30"	NA
"578"	989	21	"2004.iv.30"	"2004.v.19"	NA
"579"	990	21	"2004.v.19"	"2004.v.27"	NA
"580"	991	21	"2004.v.27"	"2004.vi.07"	NA
"581"	992	21	"2004.vi.07"	"2004.vi.23"	NA
"582"	993	21	"2004.vi.23"	"2004.vii.26"	NA
"583"	994	21	"2004.vii.26"	"2004.viii.20"	NA
"584"	995	21	"2004.viii.20"	"2004.ix.17"	NA
"585"	996	21	"2004.ix.17"	"2004.xi.30"	NA
"586"	997	21	"2004.xi.30"	"2005.i.10"	NA
"587"	1502	21	"2005.i.10"	"2005.iv.07"	NA
"588"	1503	21	"2005.iv.07"	"2005.v.09"	NA
"589"	1504	21	"2005.v.09"	"2005.vi.02"	NA
"590"	1505	21	"2005.vi.02"	"2005.vi.22"	NA
"591"	1506	21	"2005.vi.22"	"2005.vii.01"	NA
"592"	1507	21	"2005.vii.01"	"2005.vii.01"	NA
"593"	1508	21	"2005.viii.01"	"2005.viii.26"	NA
"594"	1509	21	"2005.viii.26"	"2005.x.17"	NA
"595"	2007	21	"2005.x.17"	"2005.xii.31"	NA
"596"	244	22	"2003.vi.25"	"2003.vii.13"	NA
"597"	245	22	"2003.vii.13"	"2003.vii.17"	NA
"598"	246	22	"2003.vii.17"	"2003.viii.07"	NA
"599"	247	22	"2003.viii.07"	"2003.viii.18"	NA
"600"	248	22	"2003.viii.18"	"2003.viii.31"	NA
"601"	249	22	"2003.viii.31"	"2003.ix.12"	NA
"602"	250	22	"2003.ix.12"	"2003.x.08"	NA
"603"	251	22	"2003.x.08"	"2003.xi.04"	NA
"604"	252	22	"2003.xi.04"	"2003.xi.25"	NA
"605"	281	22	"2003.xi.25"	"2003.xii.31"	NA
"606"	771	22	"2003.xii.31"	"2004.ii.01"	NA
"607"	772	22	"2004.ii.01"	"2004.iii.01"	NA
"608"	773	22	"2004.iii.01"	"2004.iii.30"	NA
"609"	774	22	"2004.iii.30"	"2004.v.01"	NA
"610"	775	22	"2004.v.01"	"2004.vi.01"	NA
"611"	776	22	"2004.vi.01"	"2004.vi.23"	NA
"612"	777	22	"2004.vi.23"	"2004.vii.18"	NA
"613"	778	22	"2004.vii.18"	"2004.viii.01"	NA
"614"	779	22	"2004.viii.01"	"2004.viii.23"	NA
"615"	780	22	"2004..viii.23"	"2004.ix.18"	NA
"616"	781	22	"2004.ix.18"	"2004.x.24"	NA
"617"	782	22	"2004.x.24"	"2004.xii.01"	NA
"618"	783	22	"2004.xii.01"	"2005.i.03"	NA
"619"	836	22	"2005.i.03"	"2005.ii.01"	NA
"620"	837	22	"2005.ii.02"	"2005.iii.01"	NA
"621"	838	22	"2005.iii.01"	"2005.iv.01"	NA
"622"	839	22	"2005.iv.01"	"2005.iv.25"	NA
"623"	840	22	"2005.iv.25"	"2005.v.20"	NA
"624"	1312	22	"2005.v.20"	"2005.vi.01"	NA
"625"	1313	22	"2005.vi.01"	"2005.vi.15"	NA
"626"	1314	22	"2005.vi.15"	"2005.vi.29"	NA
"627"	1315	22	"2005.vi.29"	"2005.vii.18"	NA
"628"	1316	22	"2005.vii.18"	"2005.viii.01"	NA
"629"	1363	22	"2005.viii.01"	"2005.viii.19"	NA
"630"	1364	22	"2005.viii.19"	"2005.ix.12"	NA
"631"	1365	22	"2005.ix.12"	"2005.x.03"	NA
"632"	1390	22	"2005.x.03"	"2005.x.29"	NA
"633"	1427	22	"2005.x.29"	"2005.xii.01"	NA
"634"	1457	22	"2005.xii.01"	"2006.i.04"	NA
"635"	1481	22	"2006.i.04"	"2006.iv.04"	NA
"636"	1566	22	"2006.iv.04"	"2006.v.20"	NA
"637"	1725	22	"2006.v.20"	"2006.vi.28"	NA
"638"	1729	22	"2006.vi.28"	"2006.vii.03"	NA
"639"	1730	22	"2006.vii.03"	"2006.vii.20"	NA
"640"	1731	22	"2006.vii.20"	"2006.viii.15"	NA
"641"	1829	22	"2006.viii.15"	"2006.ix.06"	NA
"642"	430	23	"2003.vi.26"	"2003.vii.10"	NA
"643"	431	23	"2003.vii.10"	"2003.vii.24"	NA
"644"	432	23	"2003.vii.24"	"2003.viii.07"	NA
"645"	433	23	"2003.viii.07"	"2003.viii.21"	NA
"646"	434	23	"2003.viii.21"	"2003.ix.04"	NA
"647"	435	23	"2003.ix.04"	"2003.ix.18"	NA
"648"	436	23	"2003.ix.18"	"2003.x.02"	NA
"649"	437	23	"2003.x.02"	"2003.x.16"	NA
"650"	438	23	"2003.x.16"	"2003.x.30"	NA
"651"	439	23	"2003.x.30"	"2003.xi.13"	NA
"652"	440	23	"2003.xi.13"	"2003.xi.27"	NA
"653"	441	23	"2003.xi.27"	"2003.xii.11"	NA
"654"	442	23	"2003.xii.11"	"2004.i.13"	NA
"655"	443	23	"2004.i.13"	"2004.ii.13"	NA
"656"	444	23	"2004.ii.13"	"2004.iii.11"	NA
"657"	445	23	"2004.iii.11"	"2004.iv.08"	NA
"658"	446	23	"2004.iv.08"	"2004.iv.22"	NA
"659"	447	23	"2004.iv.22"	"2004.v.06"	NA
"660"	448	23	"2004.v.06"	"2004.v.20"	NA
"661"	449	23	"2004.v.20"	"2004.vi.03"	NA
"662"	1009	23	"2004.vi.03"	"2004.vi.18"	NA
"663"	1010	23	"2004.vi.18"	"2004.vii.02"	NA
"664"	5000	23	"2004.vii.02"	"2004.vii.15"	NA
"665"	1011	23	"2004.vii.15"	"2004.vii.29"	NA
"666"	1012	23	"2004.vii.29"	"2004.viii.12"	NA
"667"	1013	23	"2004.viii.12"	"2004.viii.27"	NA
"668"	1014	23	"2004.viii.27"	"2004.ix.09"	NA
"669"	1015	23	"2004.ix.09"	"2004.ix.15"	NA
"670"	1016	23	"2004.ix.15"	"2004.ix.23"	NA
"671"	1017	23	"2004.ix.23"	"2004.x.07"	NA
"672"	1018	23	"2004.x.07"	"2004.x.22"	NA
"673"	1019	23	"2004.x.22"	"2004.xi.03"	NA
"674"	1020	23	"2004.xi.03"	"2004.xi.17"	NA
"675"	1021	23	"2004.xi.17"	"2004.xii.02"	NA
"676"	1022	23	"2004.xii.02"	"2004.xii.16"	NA
"677"	1023	23	"2004.xii.16"	"2004.xii.30"	NA
"678"	1307	23	"2004.xii.30"	"2005.i.27"	NA
"679"	1400	23	"2005.i.27"	"2005.ii.26"	NA
"680"	1401	23	"2005.ii.26"	"2005.iii.24"	NA
"681"	1402	23	"2005.iii.24"	"2005.iv.07"	NA
"682"	1403	23	"2005.iv.07"	"2005.iv.21"	NA
"683"	1404	23	"2005.iv.21"	"2005.v.05"	NA
"684"	1405	23	"2005.v.05"	"2005.v.19"	NA
"685"	1406	23	"2005.v.19"	"2005.vi.02"	NA
"686"	1407	23	"2005.vi.02"	"2005.vi.16"	NA
"687"	1408	23	"2005.vi.16"	"2005.vi.30"	NA
"688"	1409	23	"2005.vi.30"	"2005.vii.14"	NA
"689"	1410	23	"2005.vii.14"	"2005.vii.28"	NA
"690"	1411	23	"2005.vii.28"	"2005.viii.11"	NA
"691"	1412	23	"2005.viii.11"	"2005.viii.25"	NA
"692"	1413	23	"2005.viii.25"	"2005.ix.08"	NA
"693"	1414	23	"2005.ix.08"	"2005.ix.22"	NA
"694"	1415	23	"2005.ix.22"	"2005.x.06"	NA
"695"	1416	23	"2005.x.06"	"2005.x.21"	NA
"696"	1476	23	"2005.x.21"	"2005.xi.03"	NA
"697"	1477	23	"2005.xi.03"	"2005.xi.17"	NA
"698"	1478	23	"2005.xi.17"	"2005.xii.01"	NA
"699"	1479	23	"2005.xii.01"	"2005.xii.15"	NA
"700"	1480	23	"2005.xii.15"	"2005.xii.28"	NA
"701"	816	24	"2003.vi.26"	"2003.vii.15"	NA
"702"	817	24	"2003.vii.15"	"2003.viii.01"	NA
"703"	818	24	"2003.viii.01"	"2003.viii.18"	NA
"704"	819	24	"2003.viii.18"	"2003.ix.13"	NA
"705"	820	24	"2003.ix.13"	"2003.xii.10"	NA
"706"	821	24	"2003.xii.10"	"2004.iii.25"	NA
"707"	822	24	"2004.iii.25"	"2004.v.06"	NA
"708"	823	24	"2004.v.06"	"2004.v.19"	NA
"709"	1308	24	"2004.v.19"	"2004.vi.27"	NA
"710"	1309	24	"2004.vi.27"	"2004.vii.22"	NA
"711"	1310	24	"2004.vii.22"	"2004.ix.25"	NA
"712"	1311	24	"2004.ix.25"	"2005.i.19"	NA
"713"	1671	24	"2005.i.19"	"2005.iv.30"	NA
"714"	1672	24	"2005.iv.30"	"2005.v.31"	NA
"715"	1673	24	"2005.v.31"	"2005.vii.20"	NA
"716"	1674	24	"2005.vii.20"	"2005.ix.05"	NA
"717"	2103	24	"2005.ix.05"	"2005.x.30"	NA
"718"	1675	24	"2005.x.30"	"2006.iv.15"	NA
"719"	1676	24	"2006.iv.15"	"2006.v.07"	NA
"720"	450	25	"2003.vi.29"	"2003.vii.22"	NA
"721"	451	25	"2003.vii.22"	"2003.viii.12"	NA
"722"	452	25	"2003.viii.12"	"2003.ix.06"	NA
"723"	453	25	"2003.ix.06"	"2003.x.03"	NA
"724"	454	25	"2003.x.03"	"2003.xi.18"	NA
"725"	455	26	"2003.vii.07"	"2003.vii.16"	NA
"726"	456	26	"2003.vii.16"	"2003.vii.27"	NA
"727"	457	26	"2003.vii.27"	"2003.viii.07"	NA
"728"	458	26	"2003.viii.07"	"2003.viii.23"	NA
"729"	459	26	"2003.viii.23"	"2003.x.03"	NA
"730"	460	26	"2003.x.03"	"2003.x.25"	NA
"731"	461	26	"2003.x.25"	"2003.xii.01"	NA
"732"	462	26	"2003.xii.01"	"2004.i.11"	NA
"733"	463	26	"2004.i.11"	"2004.iii.09"	NA
"734"	464	26	"2004.iii.09"	"2004.iii.24"	NA
"735"	465	26	"2004.iii.24"	"2004.v.11"	NA
"736"	1677	26	"2004.v.11"	"2004.vi.05"	NA
"737"	1678	26	"2004.vi.05"	"2004.vi.16"	NA
"738"	1679	26	"2004.vi.16"	"2004.vii.05"	NA
"739"	1680	26	"2004.vii.05"	"2004.vii.15"	NA
"740"	1681	26	"2004.vii.15"	"2004.vii.28"	NA
"741"	2110	26	"2004.vii.28"	"2004.viii.13"	NA
"742"	1682	26	"2004.viii.13"	"2004.viii.17"	NA
"743"	1683	26	"2004.viii.17"	"2004.viii.26"	NA
"744"	1684	26	"2004.viii.26"	"2004.x.10"	NA
"745"	1685	26	"2004.x.10"	"2004.xi.07"	NA
"746"	1686	26	"2004.xi.07"	"2005.i.17"	NA
"747"	1687	26	"2005.i.17"	"2005.iv.12"	NA
"748"	1688	26	"2005.iv.12"	"2005.v.05"	NA
"749"	1689	26	"2005.v.05"	"2005.v.27"	NA
"750"	1690	26	"2005.v.27"	"2005.vi.26"	NA
"751"	1691	26	"2005.vi.26"	"2005.vii.19"	NA
"752"	1692	26	"2005.vii.19"	"2005.viii.18"	NA
"753"	1693	26	"2005.viii.18"	"2005.ix.12"	NA
"754"	1694	26	"2005.ix.12"	"2005.xi.16"	NA
"755"	1695	26	"2005.xi.16"	"2006.iii.23"	NA
"756"	466	27	"2003.vii.07"	"2003.vii.21"	NA
"757"	467	27	"2003.vii.21"	"2003.viii.04"	NA
"758"	468	27	"2003.viii.04"	"2003.viii.18"	NA
"759"	469	27	"2003.viii.18"	"2003.ix.01"	NA
"760"	470	27	"2003.ix.01"	"2003.ix.15"	NA
"761"	471	27	"2003.ix.15"	"2003.ix.29"	NA
"762"	472	27	"2003.ix.29"	"2003.x.12"	NA
"763"	473	27	"2003.x.12"	"2003.x.27"	NA
"764"	474	27	"2003.x.27"	"2003.xi.10"	NA
"765"	475	27	"2003.xi.10"	"2003.xi.24"	NA
"766"	476	27	"2003.xi.24"	"2004.i.05"	NA
"767"	477	27	"2004.i.05"	"2004.i.25"	NA
"768"	478	27	"2004.i.25"	"2004.ii.09"	NA
"769"	479	27	"2004.ii.09"	"2004.ii.16"	NA
"770"	480	27	"2004.ii.16"	"2004.iii.01"	NA
"771"	481	27	"2004.iii.01"	"2004.iii.15"	NA
"772"	482	27	"2004.iii.15"	"2004.iii.29"	NA
"773"	483	27	"2004.iii.29"	"2004.iv.19"	NA
"774"	484	27	"2004.iv.19"	"2004.v.03"	NA
"775"	485	27	"2004.v.03"	"2004.v.17"	NA
"776"	486	27	"2004.v.17"	"2004.vi.02"	NA
"777"	487	27	"2004.vi.02"	"2004.vi.16"	NA
"778"	1033	27	"2004.vi.16"	"2004.vii.01"	NA
"779"	1034	27	"2004.vii.01"	"2004.vii.20"	NA
"780"	1035	27	"2004.vii.20"	"2004.viii.03"	NA
"781"	1036	27	"2004.viii.03"	"2004.viii.23"	NA
"782"	1037	27	"2004.viii.23"	"2004.ix.06"	NA
"783"	1038	27	"2004.ix.06"	"2004.ix.20"	NA
"784"	1039	27	"2004.ix.20"	"2004.x.04"	NA
"785"	1040	27	"2004.x.04"	"2004.x.18"	NA
"786"	1041	27	"2004.x.18"	"2004.xi.05"	NA
"787"	1042	27	"2004.xi.05"	"2004.xii.20"	NA
"788"	1043	27	"2004.xii.20"	"2005.i.14"	NA
"789"	1044	27	"2005.i.14"	"2005.i.31"	NA
"790"	1045	27	"2005.i.31"	"2005.ii.18"	NA
"791"	1046	27	"2005.ii.18"	"2005.iii.04"	NA
"792"	1696	27	"2005.iii.04"	"2005.iv.04"	NA
"793"	1697	27	"2005.iv.04"	"2005.iv.11"	NA
"794"	1698	27	"2005.iv.11"	"2005.iv.25"	NA
"795"	1699	27	"2005.iv.25"	"2005.v.09"	NA
"796"	1700	27	"2005.v.09"	"2005.v.26"	NA
"797"	1701	27	"2005.v.26"	"2005.vi.13"	NA
"798"	1702	27	"2005.vi.13"	"2005.vi.27"	NA
"799"	1703	27	"2005.vi.27"	"2005.vii.17"	NA
"800"	1704	27	"2005.vii.17"	"2005.viii.08"	NA
"801"	1705	27	"2005.viii.08"	"2005.viii.22"	NA
"802"	1706	27	"2005.viii.22"	"2005.ix.06"	NA
"803"	1707	27	"2005.ix.06"	"2005.ix.21"	NA
"804"	1708	27	"2005.ix.21"	"2005.x.04"	NA
"805"	1709	27	"2005.x.04"	"2005.x.28"	NA
"806"	1710	27	"2005.x.28"	"2005.xi.15"	NA
"807"	1711	27	"2005.xi.15"	"2005.xii.07"	NA
"808"	1712	27	"2005.xii.07"	"2006.i.26"	NA
"809"	1713	27	"2006.i.26"	"2006.iii.07"	NA
"810"	1714	27	"2006.iii.07"	"2006.iv.18"	NA
"811"	1715	27	"2006.iv.18"	"2006.v.11"	NA
"812"	488	28	"2003.vii.08"	"2003.vii.18"	NA
"813"	489	28	"2003.vii.18"	"2003.viii.03"	NA
"814"	490	28	"2003.viii.03"	"2003.viii.17"	NA
"815"	491	28	"2003.viii.17"	"2003.ix.07"	NA
"816"	492	28	"2003.ix.07"	"2003.ix.28"	NA
"817"	493	28	"2003.ix.28"	"2003.x.19"	NA
"818"	494	28	"2003.x.19"	"2003.xii.07"	NA
"819"	495	28	"2003.xii.07"	"2004.iv.15"	NA
"820"	496	28	"2004.iv.15"	"2004.vi.02"	NA
"821"	497	28	"2004.vi.02"	"2004.vi.18"	NA
"822"	498	28	"2004.vi.18"	"2004.vii.05"	NA
"823"	499	28	"2004.vii.05"	"2004.vii.16"	NA
"824"	1458	28	"2004.vii.16"	"2004.viii.02"	NA
"825"	1459	28	"2004.viii.02"	"2004.viii.19"	NA
"826"	1460	28	"2004.viii.19"	"2004.ix.06"	NA
"827"	1461	28	"2004.ix.06"	"2004.ix.21"	NA
"828"	1463	28	"2004.ix.21"	"2005.iv.01"	NA
"829"	1462	28	"2005.iv.01"	"2005.iv.10"	NA
"830"	1464	28	"2005.iv.10"	"2005.vi.06"	NA
"831"	1465	28	"2005.vi.06"	"2005.vii.05"	NA
"832"	1466	28	"2005.vii.05"	"2005.vii.17"	NA
"833"	1467	28	"2005.vii.17"	"2005.viii.09"	NA
"834"	1468	28	"2005.viii.09"	"2005.ix.02"	NA
"835"	1469	28	"2005.ix.02"	"2005.xi.08"	NA
"836"	1470	28	"2005.xi.08"	"2006.i.11"	NA
"837"	253	29	"2003.vii.08"	"2003.vii.13"	NA
"838"	254	29	"2003.vii.13"	"2003.vii.20"	NA
"839"	255	29	"2003.vii.20"	"2003.viii.03"	NA
"840"	256	29	"2003.viii.03"	"2003.viii.21"	NA
"841"	257	29	"2003.viii.21"	"2003.x.16"	NA
"842"	258	29	"2003.x.16"	"2003.xi.24"	NA
"843"	500	29	"2003.xi.24"	"2004.i.18"	NA
"844"	501	29	"2004.i.18"	"2004.vi.12"	NA
"845"	502	29	"2004.vi.12"	"2004.vii.11"	NA
"846"	1047	29	"2004.vii.11"	"2004.vii.30"	NA
"847"	1048	29	"2004.vii.30"	"2004.viii.20"	NA
"848"	1049	29	"2004.viii.20"	"2004.ix.15"	NA
"849"	1050	29	"2004.ix.15"	"2004.x.21"	NA
"850"	1051	29	"2004.x.21"	"2004.xi.25"	NA
"851"	1052	29	"2004.xi.25"	"2005.iii.20"	NA
"852"	1053	29	"2005.iii.20"	"2005.iv.09"	NA
"853"	1391	29	"2005.iv.09"	"2005.v.06"	NA
"854"	1392	29	"2005.v.06"	"2005.v.21"	NA
"855"	1393	29	"2005.v.21"	"2005.vi.04"	NA
"856"	1394	29	"2005.vi.04"	"2005.vi.21"	NA
"857"	1395	29	"2005.vi.21"	"2005.vii.12"	NA
"858"	1396	29	"2005.vii.12"	"2005.viii.15"	NA
"859"	1397	29	"2005.viii.15"	"2005.viii.26"	NA
"860"	1398	29	"2005.viii.26"	"2005.ix.16"	NA
"861"	1399	29	"2005.ix.16"	"2005.x.27"	NA
"862"	1482	29	"2005.x.27"	"2005.xii.12"	NA
"863"	266	30	"2003.vii.09"	"2003.vii.23"	NA
"864"	267	30	"2003.vii.23"	"2003.viii.13"	NA
"865"	1054	30	"2003.viii.13"	"2004.vii.03"	NA
"866"	1055	30	"2004.vii.03"	"2004.viii.19"	NA
"867"	1056	30	"2004.viii.19"	"2004.x.28"	NA
"868"	1716	30	"2004.x.28"	"2005.vi.16"	NA
"869"	1717	30	"2005.vi.16"	"2005.vii.17"	NA
"870"	1718	30	"2005.vii.17"	"2005.ix.08"	NA
"871"	1719	30	"2005.ix.08"	"2006-iv-21"	NA
"872"	503	31	"2003.vii.10"	"2003.vii.24"	NA
"873"	504	31	"2003.vii.24"	"2003.viii.09"	NA
"874"	505	31	"2003.viii.09"	"2003.viii.21"	NA
"875"	506	31	"2003.viii.21"	"2003.ix.05"	NA
"876"	507	31	"2003.ix.05"	"2003.ix.24"	NA
"877"	508	31	"2003.ix.24"	"2003.x.09"	NA
"878"	509	31	"2003.x.09"	"2003.x.28"	NA
"879"	510	31	"2003.x.28"	"2003.xii.02"	NA
"880"	511	31	"2003.xii.02"	"2004.i.08"	NA
"881"	512	31	"2004.i.08"	"2004.ii.10"	NA
"882"	513	31	"2004.ii.10"	"2004.iii.11"	NA
"883"	514	31	"2004.iii.11"	"2004.iv.14"	NA
"884"	515	31	"2004.iv.14"	"2004.v.25"	NA
"885"	1057	31	"2004.v.25"	"2004.vi.09"	NA
"886"	1058	31	"2004.vi.09"	"2004.vi.29"	NA
"887"	1059	31	"2004.vi.29"	"2004.vii.14"	NA
"888"	1060	31	"2004.vii.14"	"2004.vii.30"	NA
"889"	1061	31	"2004.vii.30"	"2004.viii.11"	NA
"890"	1062	31	"2004.viii.11"	"2004.viii.22"	NA
"891"	1063	31	"2004.viii.22"	"2004.ix.23"	NA
"892"	1064	31	"2004.ix.23"	"2004.xi.03"	NA
"893"	2104	31	"2004.xi.03"	"2004.xii.11"	NA
"894"	1065	31	"2004.xii.11"	"2005.i.05"	NA
"895"	1066	31	"2005.i.05"	"2005.i.24"	NA
"896"	1540	31	"2005.i.24"	"2005.iii.03"	NA
"897"	1541	31	"2005.iii.03"	"2005.iii.31"	NA
"898"	1542	31	"2005.iii.31"	"2005.iv.20"	NA
"899"	1543	31	"2005.iv.20"	"2005.v.09"	NA
"900"	1544	31	"2005.v.09"	"2005.v.26"	NA
"901"	1545	31	"2005.v.26"	"2005.vi.23"	NA
"902"	1546	31	"2005.vi.23"	"2005.vii.15"	NA
"903"	1547	31	"2005.vii.15"	"2005.viii.01"	NA
"904"	1548	31	"2005.viii.01"	"2005.viii.16"	NA
"905"	1549	31	"2005.viii.16"	"2005.ix.05"	NA
"906"	1550	31	"2005.ix.05"	"2005.ix.28"	NA
"907"	1551	31	"2005.ix.28"	"2005.x.19"	NA
"908"	1552	31	"2005.x.19"	"2005.xi.21"	NA
"909"	1553	31	"2005.xi.21"	"2006.i.04"	NA
"910"	1554	31	"2006.i.04"	"2006.i.04"	NA
"911"	1555	31	"2006.ii.14"	"2006.iv.03"	NA
"912"	1556	31	"2006.iv.03"	"2006.v.08"	NA
"913"	306	32	"2003.vii.12"	"2003.vii.19"	NA
"914"	516	32	"2003.vii.19"	"2003.viii.01"	NA
"915"	517	32	"2003.viii.01"	"2003.viii.15"	NA
"916"	518	32	"2003.viii.15"	"2003.viii.29"	NA
"917"	519	32	"2003.viii.29"	"2003.ix.13"	NA
"918"	520	32	"2003.ix.13"	"2003.ix.26"	NA
"919"	521	32	"2003.ix.26"	"2003.x.12"	NA
"920"	522	32	"2003.x.12"	"2003.x.31"	NA
"921"	523	32	"2003.x.31"	"2003.xii.04"	NA
"922"	524	32	"2003.xii.04"	"2004.i.17"	NA
"923"	525	32	"2004.i.17"	"2004.ii.21"	NA
"924"	526	32	"2004.ii.21"	"2004.iv.06"	NA
"925"	527	32	"2004.iv.06"	"2004.v.12"	NA
"926"	528	32	"2004.v.12"	"2004.vi.02"	NA
"927"	1067	32	"2004.vi.02"	"2004.vi.17"	NA
"928"	1068	32	"2004.vi.17"	"2004.vii.02"	NA
"929"	1069	32	"2004.vii.02"	"2004.vii.17"	NA
"930"	1070	32	"2004.vii.17"	"2004.vii.31"	NA
"931"	1071	32	"2004.vii.31"	"2004.viii.14"	NA
"932"	1072	32	"2004.viii.14"	"2004.viii.29"	NA
"933"	1073	32	"2004.viii.29"	"2004.ix.14"	NA
"934"	1074	32	"2004.ix.14"	"2004.x.05"	NA
"935"	1075	32	"2004.x.05"	"2004.x.16"	NA
"936"	1076	32	"2004.x.16"	"2004.xi.28"	NA
"937"	1077	32	"2004.xi.28"	"2005.i.12"	NA
"938"	1523	32	"2005.i.12"	"2005.iii.08"	NA
"939"	1524	32	"2005.iii.08"	"2005.iii.18"	NA
"940"	1525	32	"2005.iii.18"	"2005.iv.15"	NA
"941"	1526	32	"2005.iv.15"	"2005.v.18"	NA
"942"	1527	32	"2005.v.18"	"2005.vi.06"	NA
"943"	1528	32	"2005.vi.06"	"2005.vi.20"	NA
"944"	1529	32	"2005.vi.20"	"2005-vi.30"	NA
"945"	1530	32	"2005-vi.30"	"2005.vii.16"	NA
"946"	1531	32	"2005.vii.16"	"2005.viii.03"	NA
"947"	1532	32	"2005.viii.03"	"2005.viii.18"	NA
"948"	1533	32	"2005.viii.18"	"2005.viii.30"	NA
"949"	1534	32	"2005.viii.30"	"2005.ix.17"	NA
"950"	1535	32	"2005.ix.17"	"2005.x.03"	NA
"951"	1536	32	"2005.x.03"	"2005.x.28"	NA
"952"	1537	32	"2005.x.28"	"2005.xi.20"	NA
"953"	1538	32	"2005.xi.20"	"2006.ii.25"	NA
"954"	1539	32	"2006.ii.25"	"2006.v.05"	NA
"955"	529	33	"2003.vii.10"	"2003.viii.02"	NA
"956"	530	33	"2003.viii.02"	"2003.viii.20"	NA
"957"	531	33	"2003.viii.20"	"2003.ix.24"	NA
"958"	532	33	"2003.ix.24"	"2003.x.08"	NA
"959"	533	33	"2003.x.08"	"2003.x.21"	NA
"960"	534	33	"2003.x.21"	"2003.xi.04"	NA
"961"	535	33	"2003.xi.04"	"2003.xi.26"	NA
"962"	536	33	"2003.xi.26"	"2003.xii.31"	NA
"963"	537	33	"2003.xii.31"	"2004.i.30"	NA
"964"	538	33	"2004.i.30"	"2004.ii.17"	NA
"965"	539	33	"2004.ii.17"	"2004.iii.05"	NA
"966"	540	33	"2004.iii.05"	"2004.iii.31"	NA
"967"	541	33	"2004.iii.31"	"2004.iv.16"	NA
"968"	542	33	"2004.iv.16"	"2004.iv.28"	NA
"969"	543	33	"2004.iv.28"	"2004.v.14"	NA
"970"	544	33	"2004.v.14"	"2004.v.30"	NA
"971"	1078	33	"2004.v.30"	"2004.vi.16"	NA
"972"	1079	33	"2004.vi.16"	"2004.vii.09"	NA
"973"	1080	33	"2004.vii.09"	"2004.vii.25"	NA
"974"	1081	33	"2004.vii.25"	"2004.viii.09"	NA
"975"	1082	33	"2004.viii.09"	"2004.viii.25"	NA
"976"	1083	33	"2004.viii.25"	"2004.ix.10"	NA
"977"	1084	33	"2004.ix.10"	"2004.ix.28"	NA
"978"	1085	33	"2004.ix.28"	"2004.x.15"	NA
"979"	1086	33	"2004.x.15"	"2004.xi.02"	NA
"980"	1087	33	"2004.xi.02"	"2004.xi.19"	NA
"981"	1088	33	"2004.xi.19"	"2004.xii.08"	NA
"982"	1089	33	"2004.xii.08"	"2005.i.12"	NA
"983"	1090	33	"2005.i.12"	"2005.i.31"	NA
"984"	1760	33	"2005.i.31"	"2005.ii.19"	NA
"985"	1761	33	"2005.ii.19"	"2005.iii.18"	NA
"986"	1762	33	"2005.iii.18"	"2005.iv.05"	NA
"987"	1763	33	"2005.iv.05"	"2005.iv.25"	NA
"988"	1764	33	"2005.iv.25"	"2005.v.11"	NA
"989"	1765	33	"2005.v.11"	"2005.v.27"	NA
"990"	1766	33	"2005.v.27"	"2005.vi.10"	NA
"991"	1767	33	"2005.vi.10"	"2005.vi.28"	NA
"992"	1768	33	"2005.vi.28"	"2005.vii.13"	NA
"993"	1769	33	"2005.vii.13"	"2005.viii.01"	NA
"994"	1770	33	"2005.viii.01"	"2005.viii.22"	NA
"995"	1771	33	"2005.viii.22"	"2005.ix.06"	NA
"996"	1855	33	"2005.ix.06"	"2005.ix.26"	NA
"997"	1856	33	"2005.ix.26"	"2005.x.11"	NA
"998"	1857	33	"2005.x.11"	"2005.xi.05"	NA
"999"	1858	33	"2005.xi.05"	"2005.xi.22"	NA
"1000"	1859	33	"2005.xi.22"	"2005.xii.13"	NA
"1001"	1860	33	"2005.xii.13"	"2006.i.04"	NA
"1002"	2102	34	"2003.?.?"	"2003.VII.10"	NA
"1003"	545	34	"2003.vii.10"	"2003.vii.15"	NA
"1004"	546	34	"2003.vii.15"	"2003.viii.20"	NA
"1005"	547	34	"2003.viii.20"	"2003.ix.13"	NA
"1006"	548	34	"2003.ix.13"	"2003.x.04"	NA
"1007"	549	34	"2003.x.04"	"2003.xi.15"	NA
"1008"	550	34	"2003.xi.15"	"2004.v.15"	NA
"1009"	551	34	"2004.v.15"	"2004.vi.04"	NA
"1010"	1091	34	"2004.vi.04"	"2004.vi.15"	NA
"1011"	1092	34	"2004.vi.15"	"2004.vii.09"	NA
"1012"	1093	34	"2004.vii.09"	"2004.vii.23"	NA
"1013"	1094	34	"2004.vii.23"	"2004.viii.07"	NA
"1014"	1095	34	"2004.viii.07"	"2004.viii.20"	NA
"1015"	1096	34	"2004.viii.20"	"2004.ix.02"	NA
"1016"	1097	34	"2004.ix.02"	"2004.ix.14"	NA
"1017"	1098	34	"2004.ix.14"	"2004.ix.24"	NA
"1018"	552	35	"2003.vii.11"	"2003.viii.05"	NA
"1019"	553	35	"2003.viii.05"	"2003.ix.15"	NA
"1020"	554	35	"2003.ix.15"	"2003.x.05"	NA
"1021"	555	35	"2003.x.05"	"2003.xii.05"	NA
"1022"	556	35	"2003.xii.05"	"2004.iii.01"	NA
"1023"	557	35	"2004.iii.01"	"2004.iv.01"	NA
"1024"	558	35	"2004.iv.01"	"2004.iv.25"	NA
"1025"	559	35	"2004.iv.25"	"2004.v.20"	NA
"1026"	560	35	"2004.v.20"	"2004.vi.06"	NA
"1027"	1099	35	"2004.vi.06"	"2004.vi.25"	NA
"1028"	1100	35	"2004.vi.25"	"2004.vii.14"	NA
"1029"	1101	35	"2004.vii.14"	"2004.vii.23"	NA
"1030"	1102	35	"2004.vii.23"	"2004.viii.07"	NA
"1031"	1103	35	"2004.viii.07"	"2004.viii.19"	NA
"1032"	1104	35	"2004.viii.19"	"2004.ix.05"	NA
"1033"	1105	35	"2004.ix.05"	"2004.ix.29"	NA
"1034"	1106	35	"2004.ix.29"	"2004.x.10"	NA
"1035"	1107	35	"2004.x.10"	"2004.x.24"	NA
"1036"	1108	35	"2004.x.24"	"2004.xi.21"	NA
"1037"	1109	35	"2004.xi.21"	"2004.xii.18"	NA
"1038"	1110	35	"2004.xii.18"	"2005.i.01"	NA
"1039"	1782	35	"2005.i.01"	"2005.iii.29"	NA
"1040"	1783	35	"2005.iii.29"	"2005.iv.09"	NA
"1041"	1720	35	"2005.iv.09"	"2005.iv.11"	NA
"1042"	1784	35	"2005.iv.11"	"2005.iv.30"	NA
"1043"	1785	35	"2005.iv.30"	"2005.v.03"	NA
"1044"	1786	35	"2005.v.03"	"2005.v.25"	NA
"1045"	1787	35	"2005.v.25"	"2005.vi.08"	NA
"1046"	1788	35	"2005.vi.08"	"2005.vi.27"	NA
"1047"	1789	35	"2005.vi.27"	"2005.vii.08"	NA
"1048"	1790	35	"2005.vii.08"	"2005.vii.13"	NA
"1049"	1791	35	"2005.vii.13"	"2005.viii.04"	NA
"1050"	1792	35	"2005.viii.04"	"2005.viii.15"	NA
"1051"	1793	35	"2005.viii.15"	"2005.viii.30"	NA
"1052"	1721	35	"2005.viii.30"	"2005.ix.12"	NA
"1053"	1722	35	"2005.ix.12"	"2005.ix.21"	NA
"1054"	1723	35	"2005.ix.21"	"2005.x.16"	NA
"1055"	1724	35	"2005.x.16"	"2005.x.28"	NA
"1056"	2111	36	"2003.vii.11"	"2003.vii.25"	NA
"1057"	561	36	"2003.vii.25"	"2003.ix.21"	NA
"1058"	562	36	"2003.ix.21"	"2003.xi.03"	NA
"1059"	563	36	"2003.xi.03"	"2003.xii.15"	NA
"1060"	564	36	"2003.xii.15"	"2004.i.24"	NA
"1061"	565	36	"2004.i.24"	"2004.iii.15"	NA
"1062"	566	36	"2004.iii.15"	"2004.iv.27"	NA
"1063"	567	36	"2004.iv.27"	"2004.v.20"	NA
"1064"	568	36	"2004.v.20"	"2004.vi.10"	NA
"1065"	824	36	"2004.vi.10"	"2004.vi.11"	NA
"1066"	825	36	"2004.vi.11"	"2004.vii.03"	NA
"1067"	826	36	"2004.vii.03"	"2004.vii.14"	NA
"1068"	827	36	"2004.vii.14"	"2004.viii.06"	NA
"1069"	828	36	"2004.viii.06"	"2004.ix.08"	NA
"1070"	829	36	"2004.ix.08"	"2005.i.20"	NA
"1071"	1824	36	"2005.i.20"	"2005.iv.14"	NA
"1072"	1825	36	"2005.iv.14"	"2005.vi.22"	NA
"1073"	1826	36	"2005.vi.22"	"2005.vii.07"	NA
"1074"	1827	36	"2005.vii.07"	"2005.viii.09"	NA
"1075"	1828	36	"2005.viii.09"	"2005.viii.24"	NA
"1076"	1861	36	"2005.viii.24"	"2005.xi.09"	NA
"1077"	1862	36	"2005.xi.09"	"2006.v.07"	NA
"1078"	569	37	"2003.vii.11"	"2003.vii.15"	NA
"1079"	570	37	"2003.vii.15"	"2003.viii.15"	NA
"1080"	571	37	"2003.viii.15"	"2003.ix.21"	NA
"1081"	572	37	"2003.ix.21"	"2003.x.15"	NA
"1082"	573	37	"2003.x.15"	"2003.xi.03"	NA
"1083"	574	37	"2003.xi.03"	"2004.i.29"	NA
"1084"	575	37	"2004.i.29"	"2004.iv.27"	NA
"1085"	576	37	"2004.iv.27"	"2004.v.20"	NA
"1086"	831	37	"2004.v.20"	"2004.vi.11"	NA
"1087"	832	37	"2004.vi.11"	"2004.vii.03"	NA
"1088"	833	37	"2004.vii.03"	"2004.vii.14"	NA
"1089"	834	37	"2004.vii.14"	"2004.viii.06"	NA
"1090"	835	37	"2004.viii.06"	"2004.ix.08"	NA
"1091"	1111	37	"2004.ix.08"	"2005.i.20"	NA
"1092"	1819	37	"2005.i.20"	"2005.iv.14"	NA
"1093"	1820	37	"2005.iv.14"	"2005.vi.23"	NA
"1094"	1821	37	"2005.vi.23"	"2005.vii.07"	NA
"1095"	1822	37	"2005.vii.07"	"2005.viii.09"	NA
"1096"	1823	37	"2005.viii.09"	"2005.viii.24"	NA
"1097"	1863	37	"2005.viii.24"	"2005.ix.14"	NA
"1098"	1864	37	"2005.ix.14"	"2005.xii.09"	NA
"1099"	1865	37	"2005.xii.09"	"2006.v.07"	NA
"1100"	577	38	"2003.vii.11"	"2003.vii.19"	NA
"1101"	578	38	"2003.vii.19"	"2003.vii.30"	NA
"1102"	579	38	"2003.vii.30"	"2003.viii.07"	NA
"1103"	580	38	"2003.viii.07"	"2003.viii.19"	NA
"1104"	581	38	"2003.viii.19"	"2003.ix.02"	NA
"1105"	582	38	"2003.ix.02"	"2003.ix.15"	NA
"1106"	583	38	"2003.ix.15"	"2003.ix.30"	NA
"1107"	584	38	"2003.ix.30"	"2003.x.15"	NA
"1108"	585	38	"2003.x.15"	"2003.x.28"	NA
"1109"	586	38	"2003.x.28"	"2003.xi.12"	NA
"1110"	587	38	"2003.xi.12"	"2003.xi.25"	NA
"1111"	588	38	"2003.xi.25"	"2003.xii.09"	NA
"1112"	589	38	"2003.xii.09"	"2003.xii.24"	NA
"1113"	590	38	"2003.xii.24"	"2004.i.08"	NA
"1114"	591	38	"2004.i.08"	"2004.i.21"	NA
"1115"	592	38	"2004.i.21"	"2004.ii.04"	NA
"1116"	593	38	"2004.ii.04"	"2004.ii.17"	NA
"1117"	594	38	"2004.ii.17"	"2004.iii.04"	NA
"1118"	595	38	"2004.iii.04"	"2004.iii.18"	NA
"1119"	596	38	"2004.iii.18"	"2004.iii.30"	NA
"1120"	597	38	"2004.iii.30"	"2004.iv.13"	NA
"1121"	598	38	"2004.iv.13"	"2004.iv.29"	NA
"1122"	599	38	"2004.iv.29"	"2004.v.19"	NA
"1123"	600	38	"2004.v.19"	"2004.v.27"	NA
"1124"	601	38	"2004.v.27"	"2004.vi.08"	NA
"1125"	1112	38	"2004.vi.08"	"2004.vi.15"	NA
"1126"	1113	38	"2004.vi.15"	"2004.vi.23"	NA
"1127"	1114	38	"2004.vi.23"	"2004.vi.29"	NA
"1128"	1115	38	"2004.vi.29"	"2004.vii.07"	NA
"1129"	1116	38	"2004.vii.07"	"2004.vii.12"	NA
"1130"	1117	38	"2004.vii.12"	"2004.vii.18"	NA
"1131"	1118	38	"2004.vii.18"	"2004.vii.24"	NA
"1132"	1119	38	"2004.vii.24"	"2004.viii.03"	NA
"1133"	1120	38	"2004.viii.03"	"2004.viii.10"	NA
"1134"	1121	38	"2004.viii.10"	"2004.viii.15"	NA
"1135"	1122	38	"2004.viii.15"	"2004.viii.25"	NA
"1136"	1123	38	"2004.viii.25"	"2004.viii.31"	NA
"1137"	1124	38	"2004.viii.31"	"2004.ix.08"	NA
"1138"	1125	38	"2004.ix.08"	"2004.ix.22"	NA
"1139"	1126	38	"2004.ix.22"	"2004.ix.28"	NA
"1140"	1127	38	"2004.ix.28"	"2004.x.11"	NA
"1141"	1128	38	"2004.x.11"	"2004.x.13"	NA
"1142"	1129	38	"2004.x.13"	"2004.x.31"	NA
"1143"	1130	38	"2004.x.31"	"2004.xi.15"	NA
"1144"	1131	38	"2004.xi.15"	"2004.xii.06"	NA
"1145"	1132	38	"2004.xii.06"	"2005.i.01"	NA
"1146"	1133	38	"2005.i.01"	"2005.i.10"	NA
"1147"	1134	38	"2005.i.10"	"2005.ii.01"	NA
"1148"	1436	38	"2005.ii.01"	"2005.ii.25"	NA
"1149"	1437	38	"2005.ii.25"	"2005.iii.30"	NA
"1150"	1438	38	"2005.iii.30"	"2005.iv.16"	NA
"1151"	1439	38	"2005.iv.16"	"2005.iv.26"	NA
"1152"	1440	38	"2005.iv.26"	"2005.v.05"	NA
"1153"	1441	38	"2005.v.05"	"2005.v.16"	NA
"1154"	1442	38	"2005.v.16"	"2005.v.24"	NA
"1155"	1443	38	"2005.v.24"	"2005.v.31"	NA
"1156"	1444	38	"2005.v.31"	"2005.vi.05"	NA
"1157"	1445	38	"2005.vi.05"	"2005.vi.13"	NA
"1158"	1446	38	"2005.vi.13"	"2005.vi.20"	NA
"1159"	1447	38	"2005.vi.20"	"2005.vi.28"	NA
"1160"	1448	38	"2005.vi.28"	"2005.vii.02"	NA
"1161"	1449	38	"2005.vii.02"	"2005.vii.09"	NA
"1162"	1450	38	"2005.vii.09"	"2005.vii.14"	NA
"1163"	1451	38	"2005.vii.14"	"2005.vii.21"	NA
"1164"	1452	38	"2005.vii.21"	"2005.vii.28"	NA
"1165"	1453	38	"2005.vii.28"	"2005.viii.05"	NA
"1166"	1454	38	"2005.viii.05"	"2005.viii.10"	NA
"1167"	1455	38	"2005.viii.10"	"2005.viii.18"	NA
"1168"	1456	38	"2005.viii.18"	"2005.viii.30"	NA
"1169"	1866	38	"2005.viii.30"	"2005.ix.06"	NA
"1170"	1867	38	"2005.ix.06"	"2005.ix.16"	NA
"1171"	1868	38	"2005.ix.16"	"2005.ix.21"	NA
"1172"	1869	38	"2005.ix.21"	"2005.ix.26"	NA
"1173"	1870	38	"2005.ix.26"	"2005.x.04"	NA
"1174"	1871	38	"2005.x.04"	"2005.x.11"	NA
"1175"	1872	38	"2005.x.11"	"2005.x.20"	NA
"1176"	1873	38	"2005.x.20"	"2005.x.27"	NA
"1177"	1874	38	"2005.x.27"	"2005.xi.08"	NA
"1178"	1875	38	"2005.xi.08"	"2005.xi.16"	NA
"1179"	1876	38	"2005.xi.16"	"2005.xi.28"	NA
"1180"	1877	38	"2005.xi.28"	"2005.xii.07"	NA
"1181"	1878	38	"2005.xii.07"	"2005.xii15"	NA
"1182"	1879	38	"2005.xii15"	"2005.xii.23"	NA
"1183"	1880	38	"2005.xii.23"	"2006.ii.02"	NA
"1184"	602	39	"2003.vii.12"	"2003.vii.25"	NA
"1185"	603	39	"2003.vii.25"	"2003.viii.08"	NA
"1186"	604	39	"2003.viii.08"	"2003.viii.29"	NA
"1187"	605	39	"2003.viii.29"	"2003.ix.05"	NA
"1188"	606	39	"2003.ix.05"	"2003.ix.23"	NA
"1189"	607	39	"2003.ix.23"	"2003.x.13"	NA
"1190"	608	39	"2003.x.13"	"2003.xi.11"	NA
"1191"	609	39	"2003.xi.11"	"2003.xi.28"	NA
"1192"	610	39	"2003.xi.28"	"2003.xii.19"	NA
"1193"	611	39	"2003.xii.19"	"2004.i.15"	NA
"1194"	612	39	"2004.i.15"	"2004.iv.08"	NA
"1195"	613	39	"2004.iv.08"	"2004.vi.01"	NA
"1196"	1135	39	"2004.vi.01"	"2004.vi.12"	NA
"1197"	1136	39	"2004.vi.12"	"2004.vii.13"	NA
"1198"	1137	39	"2004.vii.13"	"2004.vii.31"	NA
"1199"	1138	39	"2004.vii.31"	"2004.viii.06"	NA
"1200"	1139	39	"2004.viii.06"	"2004.viii.20"	NA
"1201"	1140	39	"2004.viii.20"	"2004.ix.07"	NA
"1202"	1141	39	"2004.ix.07"	"2004.ix.22"	NA
"1203"	1142	39	"2004.ix.22"	"2004.xi.01"	NA
"1204"	2112	39	"2004.xi.01"	"2004.xii.06"	NA
"1205"	1143	39	"2004.xii.06"	"2005.ii.07"	NA
"1206"	1144	39	"2005.ii.07"	"2005.ii.17"	NA
"1207"	1799	39	"2005.ii.17"	"2005.iv.22"	NA
"1208"	1800	39	"2005.iv.22"	"2005.v.26"	NA
"1209"	1801	39	"2005.v.26"	"2005.vi.20"	NA
"1210"	1802	39	"2005.vi.20"	"2005.vi.26"	NA
"1211"	1803	39	"2005.vi.26"	"2005.vii.06"	NA
"1212"	1804	39	"2005.vii.06"	"2005.vii.13"	NA
"1213"	1805	39	"2005.vii.13"	"2005.vii.21"	NA
"1214"	1806	39	"2005.vii.21"	"2005.viii.08"	NA
"1215"	1807	39	"2005.viii.08"	"2005.viii.15"	NA
"1216"	1808	39	"2005.viii.15"	"2005.ix.04"	NA
"1217"	1881	39	"2005.ix.04"	"2005.xi.18"	NA
"1218"	1882	39	"2005.xi.18"	"2006.i.13"	NA
"1219"	614	40	"2003.vii.12"	"2003.vii.25"	NA
"1220"	615	40	"2003.vii.25"	"2003.viii.08"	NA
"1221"	616	40	"2003.viii.08"	"2003.viii.27"	NA
"1222"	617	40	"2003.viii.27"	"2003.ix.08"	NA
"1223"	618	40	"2003.ix.08"	"2003.ix.19"	NA
"1224"	619	40	"2003.ix.19"	"2003.x.13"	NA
"1225"	620	40	"2003.x.13"	"2003.xi.03"	NA
"1226"	621	40	"2003.xi.03"	"2003.xi.25"	NA
"1227"	622	40	"2003.xi.25"	"2003.xii.16"	NA
"1228"	623	40	"2003.xii.16"	"2004.ii.13"	NA
"1229"	624	40	"2004.ii.13"	"2004.iv.08"	NA
"1230"	625	40	"2004.iv.08"	"2004.vi.01"	NA
"1231"	1145	40	"2004.vi.01"	"2004.vii.13"	NA
"1232"	2105	40	"2004.vii.13"	"2004.vii.30"	NA
"1233"	1146	40	"2004.vii.30"	"2004.viii.13"	NA
"1234"	1147	40	"2004.viii.13"	"2004.viii.28"	NA
"1235"	1148	40	"2004.viii.28"	"2004.ix.10"	NA
"1236"	1149	40	"2004.ix.10"	"2004.ix.28"	NA
"1237"	1150	40	"2004.ix.28"	"2004.xi.15"	NA
"1238"	1151	40	"2004.xi.15"	"2004.xii.14"	NA
"1239"	1152	40	"2004.xii.14"	"2005.i.05"	NA
"1240"	2106	40	"2005.i.05"	"2005.i.12"	NA
"1241"	1153	40	"2005.i.12"	"2005.ii.17"	NA
"1242"	1809	40	"2005.ii.17"	"2005.iv.22"	NA
"1243"	1810	40	"2005.iv.22"	"2005.v.22"	NA
"1244"	1811	40	"2005.v.22"	"2005.vi.20"	NA
"1245"	1812	40	"2005.vi.20"	"2005.vi.26"	NA
"1246"	1813	40	"2005.vi.26"	"2005.vii.05"	NA
"1247"	1814	40	"2005.vii.05"	"2005.vii.13"	NA
"1248"	1815	40	"2005.vii.13"	"2005.vii.22"	NA
"1249"	1816	40	"2005.vii.22"	"2005.viii.08"	NA
"1250"	1817	40	"2005.viii.08"	"2005.viii.15"	NA
"1251"	1818	40	"2005.viii.15"	"2005.ix.04"	NA
"1252"	1883	40	"2005.ix.04"	"2005.ix.29"	NA
"1253"	1884	40	"2005.ix.29"	"2005.xi.20"	NA
"1254"	1885	40	"2005.xi.20"	"2006.i.16"	NA
"1255"	626	41	"2003.vii.12"	"2003.vii.21"	NA
"1256"	627	41	"2003.vii.21"	"2003.viii.07"	NA
"1257"	628	41	"2003.viii.07"	"2003.viii.21"	NA
"1258"	629	41	"2003.viii.21"	"2003.ix.05"	NA
"1259"	630	41	"2003.ix.05"	"2003.ix.17"	NA
"1260"	631	41	"2003.ix.17"	"2003.x.03"	NA
"1261"	632	41	"2003.x.03"	"2003.x.11"	NA
"1262"	633	41	"2003.x.11"	"2003.x.31"	NA
"1263"	634	41	"2003.x.31"	"2003.xi.14"	NA
"1264"	635	41	"2003.xi.14"	"2003.xi.27"	NA
"1265"	636	41	"2003.xi.27"	"2004.i.16"	NA
"1266"	637	41	"2004.i.16"	"2004.ii.19"	NA
"1267"	638	41	"2004.ii.19"	"2004.iii.22"	NA
"1268"	639	41	"2004.iii.22"	"2004.iv.08"	NA
"1269"	640	41	"2004.iv.08"	"2004.iv.23"	NA
"1270"	641	41	"2004.iv.23"	"2004.v.08"	NA
"1271"	642	41	"2004.v.08"	"2004.v.19"	NA
"1272"	643	41	"2004.v.19"	"2004.vi.04"	NA
"1273"	1154	41	"2004.vi.04"	"2004.vi.18"	NA
"1274"	1155	41	"2004.vi.18"	"2004.vii.02"	NA
"1275"	1156	41	"2004.vii.02"	"2004.vii.09"	NA
"1276"	1157	41	"2004.vii.09"	"2004.vii.23"	NA
"1277"	1158	41	"2004.vii.23"	"2004.viii.03"	NA
"1278"	1159	41	"2004.viii.03"	"2004.viii.06"	NA
"1279"	1160	41	"2004.viii.06"	"2004.viii.20"	NA
"1280"	1161	41	"2004.viii.20"	"2004.ix.17"	NA
"1281"	1162	41	"2004.ix.17"	"2004.x.15"	NA
"1282"	1163	41	"2004.x.15"	"2004.xi.26"	NA
"1283"	1164	41	"2004.xi.26"	"2005.ii.04"	NA
"1284"	1772	41	"2005.ii.04"	"2005.iv.08"	NA
"1285"	1773	41	"2005.iv.08"	"2005.iv.22"	NA
"1286"	1774	41	"2005.iv.22"	"2005.v.07"	NA
"1287"	1775	41	"2005.v.07"	"2005.v.21"	NA
"1288"	1776	41	"2005.v.21"	"2005.vi.05"	NA
"1289"	1777	41	"2005.vi.05"	"2005.vi.20"	NA
"1290"	1778	41	"2005.vi.20"	"2005.vii.17"	NA
"1291"	1779	41	"2005.vii.17"	"2005.viii.03"	NA
"1292"	1780	41	"2005.viii.03"	"2005.viii.21"	NA
"1293"	1781	41	"2005.viii.21"	"2005.ix.01"	NA
"1294"	1886	41	"2005.ix.01"	"2005.ix.21"	NA
"1295"	1887	41	"2005.ix.21"	"2005.x.12"	NA
"1296"	1888	41	"2005.x.12"	"2005.xi.23"	NA
"1297"	1889	41	"2005.xi.23"	"2006.ii.07"	NA
"1298"	644	42	"2003.vii.16"	"2003.vii.25"	NA
"1299"	645	42	"2003.vii.25"	"2003.ix.10"	NA
"1300"	646	42	"2003.ix.10"	"2003.ix.30"	NA
"1301"	647	42	"2003.ix.30"	"2003.x.24"	NA
"1302"	648	42	"2003.x.24"	"2004.iv.10"	NA
"1303"	649	42	"2004.iv.10"	"2004.v.21"	NA
"1304"	650	42	"2004.v.21"	"2004.vi.17"	NA
"1305"	1165	42	"2004.vi.17"	"2004.vii.04"	NA
"1306"	1166	42	"2004.vii.04"	"2004.viii.04"	NA
"1307"	1167	42	"2004.viii.04"	"2005.iv.20"	NA
"1308"	651	43	"2003.vii.17"	"2003.vii.30"	NA
"1309"	652	43	"2003.vii.30"	"2003.viii.13"	NA
"1310"	653	43	"2003.viii.13"	"2003.viii.27"	NA
"1311"	654	43	"2003.viii.27"	"2003.ix.10"	NA
"1312"	655	43	"2003.ix.10"	"2003.ix.24"	NA
"1313"	656	43	"2003.ix.24"	"2003.x.08"	NA
"1314"	657	43	"2003.x.08"	"2003.x.23"	NA
"1315"	658	43	"2003.x.23"	"2003.xi.05"	NA
"1316"	659	43	"2003.xi.05"	"2003.xii.06"	NA
"1317"	660	43	"2003.xii.06"	"2004.i.03"	NA
"1318"	661	43	"2004.i.03"	"2004.i.28"	NA
"1319"	662	43	"2004.i.28"	"2004.iii.01"	NA
"1320"	663	43	"2004.iii.01"	"2004.iii.20"	NA
"1321"	664	43	"2004.iii.20"	"2004.iv.11"	NA
"1322"	665	43	"2004.iv.11"	"2004.iv.21"	NA
"1323"	666	43	"2004.iv.21"	"2004.v.05"	NA
"1324"	667	43	"2004.v.05"	"2004.v.19"	NA
"1325"	668	43	"2004.v.19"	"2004.vi.02"	NA
"1326"	669	43	"2004.vi.02"	"2004.vi.16"	NA
"1327"	1168	43	"2004.vi.16"	"2004.vi.30"	NA
"1328"	1169	43	"2004.vi.30"	"2004.vii.14"	NA
"1329"	1170	43	"2004.vii.14"	"2004.vii.28"	NA
"1330"	1171	43	"2004.vii.28"	"2004.viii.11"	NA
"1331"	1172	43	"2004.viii.11"	"2004.viii.25"	NA
"1332"	1173	43	"2004.viii.25"	"2004.ix.08"	NA
"1333"	1174	43	"2004.ix.08"	"2004.ix.22"	NA
"1334"	1175	43	"2004.ix.22"	"2004.x.06"	NA
"1335"	1176	43	"2004.x.06"	"2004.x.20"	NA
"1336"	1177	43	"2004.x.20"	"2004.xi.03"	NA
"1337"	1178	43	"2004.xi.03"	"2004.xi.17"	NA
"1338"	1179	43	"2004.xi.17"	"2004.xii.01"	NA
"1339"	1180	43	"2004.xii.01"	"2004.xii.28"	NA
"1340"	1181	43	"2004.xii.28"	"2005.i.22"	NA
"1341"	1182	43	"2005.i.22"	"2005.iii.05"	NA
"1342"	1183	43	"2005.iii.05"	"2005.iv.08"	NA
"1343"	1184	43	"2005.iv.08"	"2005.iv.23"	NA
"1344"	1903	43	"2005.iv.23"	"2005.v.06"	NA
"1345"	1904	43	"2005.v.06"	"2005.v.21"	NA
"1346"	1905	43	"2005.v.21"	"2005.vi.02"	NA
"1347"	1906	43	"2005.vi.02"	"2005.vi.15"	NA
"1348"	1907	43	"2005.vi.15"	"2005.vi.29"	NA
"1349"	1908	43	"2005.vi.29"	"2005.vii.14"	NA
"1350"	1909	43	"2005.vii.14"	"2005.vii.27"	NA
"1351"	1910	43	"2005.vii.27"	"2005.viii.10"	NA
"1352"	1911	43	"2005.viii.10"	"2005.viii.25"	NA
"1353"	1912	43	"2005.viii.25"	"2005.ix.09"	NA
"1354"	1913	43	"2005.ix.09"	"2005.ix.21"	NA
"1355"	1914	43	"2005.ix.21"	"2005.x.07"	NA
"1356"	1915	43	"2005.x.07"	"2005.x.19"	NA
"1357"	1916	43	"2005.x.19"	"2005.xi.02"	NA
"1358"	1917	43	"2005.xi.02"	"2005.xi.16"	NA
"1359"	1918	43	"2005.xi.16"	"2005.xii.01"	NA
"1360"	1919	43	"2005.xii.01"	"2006.v.02"	NA
"1361"	670	44	"2003.vii.17"	"2003.vii.29"	NA
"1362"	671	44	"2003.vii.29"	"2003.viii.18"	NA
"1363"	672	44	"2003.viii.18"	"2003.viii.29"	NA
"1364"	673	44	"2003.viii.29"	"2003.x.01"	NA
"1365"	674	44	"2003.x.01"	"2004.v.05"	NA
"1366"	675	44	"2004.v.05"	"2004.vi.03"	NA
"1367"	676	44	"2004.vi.03"	"2004.vi.16"	NA
"1368"	1185	44	"2004.vi.16"	"2004.vii.05"	NA
"1369"	1186	44	"2004.vii.05"	"2004.vii.25"	NA
"1370"	1187	44	"2004.vii.25"	"2004.viii.09"	NA
"1371"	1188	44	"2004.viii.09"	"2004.viii.23"	NA
"1372"	1189	44	"2004.viii.23"	"2004.ix.24"	NA
"1373"	1190	44	"2004.ix.24"	"2004.x.21"	NA
"1374"	1191	44	"2004.x.21"	"2005.iv.20"	NA
"1375"	1920	44	"2005.iv.20"	"2005.vii.11"	NA
"1376"	1921	44	"2005.vii.11"	"2005.vii.28"	NA
"1377"	1922	44	"2005.vii.28"	"2005.viii.05"	NA
"1378"	1923	44	"2005.viii.05"	"2005.viii.17"	NA
"1379"	1924	44	"2005.viii.17"	"2005.x.21"	NA
"1380"	1925	44	"2005.x.21"	"2006.vi.24"	NA
"1381"	1926	44	"2006.vi.24"	"2006.vii.05"	NA
"1382"	290	45	"2003.vii.18"	"2003.viii.05"	NA
"1383"	291	45	"2003.viii.05"	"2003.viii.23"	NA
"1384"	292	45	"2003.viii.23"	"2003.ix.07"	NA
"1385"	293	45	"2003.ix.07"	"2003.ix.21"	NA
"1386"	294	45	"2003.ix.21"	"2003.x.04"	NA
"1387"	295	45	"2003.x.04"	"2003.x.25"	NA
"1388"	296	45	"2003.x.25"	"2003.xi.08"	NA
"1389"	297	45	"2003.xi.08"	"2003.xi.18"	NA
"1390"	298	45	"2003.xi.18"	"2003.xii.17"	NA
"1391"	299	45	"2003.xii.17"	"2004.i.13"	NA
"1392"	677	45	"2004.i.13"	"2004.iv.04"	NA
"1393"	678	45	"2004.iv.04"	"2004.v.03"	NA
"1394"	679	45	"2004.v.03"	"2004.v.16"	NA
"1395"	680	45	"2004.v.16"	"2004.vi.12"	NA
"1396"	681	45	"2004.vi.12"	"2004.vi.19"	NA
"1397"	682	45	"2004.vi.19"	"2004.vii.06"	NA
"1398"	1192	45	"2004.vii.06"	"2004.vii.18"	NA
"1399"	1193	45	"2004.vii.18"	"2004.viii.03"	NA
"1400"	1194	45	"2004.viii.03"	"2004.ix.04"	NA
"1401"	1195	45	"2004.ix.04"	"2004.x.03"	NA
"1402"	1196	45	"2004.x.03"	"2004.xi.15"	NA
"1403"	1197	45	"2004.xi.15"	"2005.i.15"	NA
"1404"	1198	45	"2005.i.15"	"2005.iv.17"	NA
"1405"	1927	45	"2005.iv.17"	"2005.v.15"	NA
"1406"	1928	45	"2005.v.15"	"2005.v.24"	NA
"1407"	1929	45	"2005.v.24"	"2005.vi.10"	NA
"1408"	1930	45	"2005.vi.10"	"2005.vii.01"	NA
"1409"	1931	45	"2005.vii.01"	"2005.vii.09"	NA
"1410"	1932	45	"2005.vii.09"	"2005.vii.19"	NA
"1411"	1933	45	"2005.vii.19"	"2005.vii.28"	NA
"1412"	1934	45	"2005.vii.28"	"2005.viii.16"	NA
"1413"	1935	45	"2005.viii.16"	"2005.ix.11"	NA
"1414"	1936	45	"2005.ix.11"	"2005.x.23"	NA
"1415"	1937	45	"2005.x.23"	"2005.xi.13"	NA
"1416"	1938	45	"2005.xi.13"	"2005.xii.03"	NA
"1417"	1939	45	"2005.xii.03"	"2006.ii.03"	NA
"1418"	1940	45	"2006.ii.03"	"2006.iv.20"	NA
"1419"	1941	45	"2006.iv.20"	"2006.v.16"	NA
"1420"	1942	45	"2006.v.16"	"2006.vi.30"	NA
"1421"	1943	45	"2006.vi.30"	"2006.vii.05"	NA
"1422"	683	46	"2003.vii.19"	"2003.viii.03"	NA
"1423"	684	46	"2003.viii.03"	"2003.viii.05"	NA
"1424"	685	46	"2003.viii.05"	"2003.viii.18"	NA
"1425"	686	46	"2003.viii.18"	"2003.ix.09"	NA
"1426"	687	46	"2003.ix.09"	"2003.ix.16"	NA
"1427"	688	46	"2003.ix.16"	"2003.ix.29"	NA
"1428"	689	46	"2003.ix.29"	"2003.x.15"	NA
"1429"	690	46	"2003.x.15"	"2003.xi.04"	NA
"1430"	691	46	"2003.xi.04"	"2004.vi.04"	NA
"1431"	692	46	"2004.vi.04"	"2004.vi.28"	NA
"1432"	1199	46	"2004.vi.28"	"2004.vii.15"	NA
"1433"	1200	46	"2004.vii.15"	"2004.vii.26"	NA
"1434"	1201	46	"2004.vii.26"	"2004.viii.15"	NA
"1435"	1202	46	"2004.viii.15"	"2004.viii.30"	NA
"1436"	1203	46	"2004.viii.30"	"2004.ix.13"	NA
"1437"	1204	46	"2004.ix.13"	"2004.x.04"	NA
"1438"	1205	46	"2004.x.04"	"2004.x.25"	NA
"1439"	1206	46	"2004.x.25"	"2004.xii.20"	NA
"1440"	1944	46	"2004.xii.20"	"2005.vi.27"	NA
"1441"	1945	46	"2005.vi.27"	"2005.vii.17"	NA
"1442"	1946	46	"2005.vii.17"	"2005.viii.14"	NA
"1443"	1947	46	"2005.viii.14"	"2005.ix.05"	NA
"1444"	1948	46	"2005.ix.05"	"2005.ix.25"	NA
"1445"	1949	46	"2005.ix.25"	"2005.x.13"	NA
"1446"	1950	46	"2005.x.13"	"2005.x.27"	NA
"1447"	1951	46	"2005.x.27"	"2006.i.02"	NA
"1448"	693	47	"2003.vii.20"	"2003.viii.06"	NA
"1449"	694	47	"2003.viii.06"	"2003.viii.13"	NA
"1450"	695	47	"2003.viii.13"	"2003.ix.02"	NA
"1451"	696	47	"2003.ix.02"	"2003.ix.14"	NA
"1452"	697	47	"2003.ix.14"	"2003.xi.15"	NA
"1453"	1358	47	"2003.xi.15"	"2004.v.17"	NA
"1454"	698	47	"2004.v.17"	"2004.vi.01"	NA
"1455"	699	47	"2004.vi.01"	"2004.vi.18"	NA
"1456"	998	47	"2004.vi.18"	"2004.vii.20"	NA
"1457"	999	47	"2004.vii.20"	"2004.x.18"	NA
"1458"	1952	47	"2004.x.18"	"2005.vi.01"	NA
"1459"	1953	47	"2005.vi.01"	"2005.vi.15"	NA
"1460"	1954	47	"2005.vi.15"	"2005.vi.28"	NA
"1461"	1955	47	"2005.vi.28"	"2005.vii.15"	NA
"1462"	1956	47	"2005.vii.15"	"2005.viii.16"	NA
"1463"	1957	47	"2005.viii.16"	"2005.viii.31"	NA
"1464"	1958	47	"2005.viii.31"	"2005.ix.15"	NA
"1465"	1959	47	"2005.ix.15"	"2005.x.10"	NA
"1466"	1960	47	"2005.x.10"	"2005.xi.16"	NA
"1467"	700	48	"2003.vii.20"	"2003.viii.27"	NA
"1468"	701	48	"2003.viii.27"	"2003.ix.19"	NA
"1469"	702	48	"2003.ix.19"	"2003.x.17"	NA
"1470"	703	48	"2003.x.17"	"2003.xi.12"	NA
"1471"	704	48	"2003.xi.12"	"2004.i.15"	NA
"1472"	705	48	"2004.i.15"	"2004.iv.20"	NA
"1473"	706	48	"2004.iv.20"	"2004.v.27"	NA
"1474"	2109	48	"27.v.2004"	"13.vi.2004"	NA
"1475"	707	48	"13.vi.2004"	"2004.vi.30"	NA
"1476"	1207	48	"2004.vi.30"	"2004.vii.08"	NA
"1477"	1208	48	"2004.vii.08"	"2004.vii.29"	NA
"1478"	1209	48	"2004.vii.29"	"2004.viii.13"	NA
"1479"	1210	48	"2004.viii.13"	"2004.ix.01"	NA
"1480"	1211	48	"2004.ix.01"	"2004.ix.21"	NA
"1481"	1212	48	"2004.ix.21"	"2004.x.19"	NA
"1482"	1213	48	"2004.x.19"	"2004.xii.17"	NA
"1483"	1214	48	"2004.xii.17"	"2005.i.24"	NA
"1484"	1215	48	"2005.i.24"	"2005.iii.04"	NA
"1485"	1216	48	"2005.iii.04"	"2005.iv.22"	NA
"1486"	1961	48	"2005.iv.22"	"2005.vi.21"	NA
"1487"	1962	48	"2005.vi.21"	"2005.vii.08"	NA
"1488"	1963	48	"2005.vii.08"	"2005.vii.21"	NA
"1489"	1964	48	"2005.vii.21"	"2005.viii.04"	NA
"1490"	1965	48	"2005.viii.04"	"2005.viii.16"	NA
"1491"	1966	48	"2005.viii.16"	"2005.viii.22"	NA
"1492"	1967	48	"2005.viii.22"	"2005.ix.30"	NA
"1493"	1968	48	"2005.ix.30"	"2005.xi.03"	NA
"1494"	1969	48	"2005.xi.03"	"2005.xii.28"	NA
"1495"	1970	48	"2005.xii.28"	"2006.i.04"	NA
"1496"	2062	49	" 2003.vii.21"	"2003.viii.05"	NA
"1497"	708	49	"2003.viii.05"	"2003.viii.22"	NA
"1498"	709	49	"2003.viii.22"	"2003.ix.14"	NA
"1499"	710	49	"2003.ix.14"	"2003.x.05"	NA
"1500"	711	49	"2003.x.05"	"2004.i.01"	NA
"1501"	712	49	"2004.i.01"	"2004.vi.01"	NA
"1502"	713	49	"2004.vi.01"	"2004.vi.07"	NA
"1503"	1217	49	"2004.vi.07"	"2004.vi.15"	NA
"1504"	1218	49	"2004.vi.15"	"2004.vi.25"	NA
"1505"	1219	49	"2004.vi.25"	"2004.vi.30"	NA
"1506"	1220	49	"2004.vi.30"	"2004.vii.22"	NA
"1507"	1221	49	"2004.vii.22"	"2004.xii.31"	NA
"1508"	714	50	"2003.vii.21"	"2003.viii.07"	NA
"1509"	715	50	"2003.viii.07"	"2003.viii.21"	NA
"1510"	716	50	"2003.viii.21"	"2003.ix.01"	NA
"1511"	717	50	"2003.ix.01"	"2003.ix.18"	NA
"1512"	718	50	"2003.ix.18"	"2003.ix.23"	NA
"1513"	719	50	"2003.ix.23"	"2003.x.17"	NA
"1514"	720	50	"2003.x.17"	"2004.iii.11"	NA
"1515"	721	50	"2004.iii.11"	"2004.iv.06"	NA
"1516"	722	50	"2004.iv.06"	"2004.v.06"	NA
"1517"	723	50	"2004.v.06"	"2004.vi.11"	NA
"1518"	724	50	"2004.vi.11"	"2004.vi.23"	NA
"1519"	1222	50	"2004.vi.23"	"2004.vii.08"	NA
"1520"	1223	50	"2004.vii.08"	"2004.viii.05"	NA
"1521"	1224	50	"2004.viii.05"	"2004.viii.12"	NA
"1522"	1225	50	"2004.viii.12"	"2004.viii.19"	NA
"1523"	1226	50	"2004.viii.19"	"2004.ix.03"	NA
"1524"	1227	50	"2004.ix.03"	"2004.ix.12"	NA
"1525"	1228	50	"2004.ix.12"	"2004.ix.21"	NA
"1526"	1229	50	"2004.ix.21"	"2004.x.14"	NA
"1527"	1230	50	"2004.x.14"	"2005.iii.07"	NA
"1528"	1971	50	"2005.iii.07"	"2005.vi.13"	NA
"1529"	1972	50	"2005.vi.13"	"2005.vi.26"	NA
"1530"	1973	50	"2005.vi.26"	"2005.vii.06"	NA
"1531"	1974	50	"2005.vii.06"	"2005.vii.20"	NA
"1532"	1975	50	"2005.vii.20"	"2005.vii.27"	NA
"1533"	1976	50	"2005.vii.27"	"2005.viii.04"	NA
"1534"	1977	50	"2005.viii.04"	"2005.viii.10"	NA
"1535"	1978	50	"2005.viii.10"	"2005.viii.17"	NA
"1536"	1979	50	"2005.viii.17"	"2005.viii.21"	NA
"1537"	1980	50	"2005.viii.21"	"2005.ix.07"	NA
"1538"	284	51	"2003.vii.23"	"2003.viii.05"	NA
"1539"	285	51	"2003.viii.05"	"2003.viii.20"	NA
"1540"	286	51	"2003.viii.20"	"2003.ix.04"	NA
"1541"	287	51	"2003.ix.04"	"2003.ix.23"	NA
"1542"	288	51	"2003.ix.23"	"2003.x.15"	NA
"1543"	289	51	"2003.x.15"	"2003.xi.05"	NA
"1544"	725	51	"2003.xi.05"	"2004.iv.05"	NA
"1545"	726	51	"2004.iv.05"	"2004.v.17"	NA
"1546"	727	51	"2004.v.17"	"2004.vi.04"	NA
"1547"	728	51	"2004.vi.04"	"2004.vi.15"	NA
"1548"	1231	51	"2004.vi.15"	"2004.vii.06"	NA
"1549"	1232	51	"2004.vii.06"	"2004.vii.21"	NA
"1550"	1233	51	"2004.vii.21"	"2004.viii.12"	NA
"1551"	1234	51	"2004.viii.12"	"2004.viii.25"	NA
"1552"	1235	51	"2004.viii.25"	"2004.ix.13"	NA
"1553"	1236	51	"2004.ix.13"	"2004.ix.27"	NA
"1554"	183	52	"2003.viii.01"	"2003.viii.18"	NA
"1555"	184	52	"2003.viii.18"	"2003.ix.01"	NA
"1556"	185	52	"2003.ix.01"	"2003.ix.22"	NA
"1557"	186	52	"2003.ix.22"	"2003.x.14"	NA
"1558"	2063	52	"2003.ix.01"	"2003.ix.22"	NA
"1559"	734	52	"2003.x.14"	"2003.xii.02"	NA
"1560"	2108	52	"2003.xii.02"	"2004.v.08"	NA
"1561"	735	52	"2004.v.08"	"2004.v.28"	NA
"1562"	736	52	"2004.v.28"	"2004.vi.18"	NA
"1563"	1237	52	"2004.vi.18"	"2004.vii.09"	NA
"1564"	1238	52	"2004.vii.09"	"2004.vii.23"	NA
"1565"	1239	52	"2004.vii.23"	"2004.viii.05"	NA
"1566"	1240	52	"2004.viii.05"	"2004.viii.20"	NA
"1567"	1241	52	"2004.viii.20"	"2004.ix.03"	NA
"1568"	1242	52	"2004.ix.03"	"2004.ix.24"	NA
"1569"	1243	52	"2004.ix.24"	"2004.x.15"	NA
"1570"	187	53	"2003.viii.01"	"2003.viii.18"	NA
"1571"	188	53	"2003.viii.18"	"2003.ix.01"	NA
"1572"	189	53	"2003.ix.01"	"2003.ix.22"	NA
"1573"	190	53	"2003.ix.22"	"2003.x.14"	NA
"1574"	737	53	"2003.x.14"	"2003.xii.02"	NA
"1575"	738	53	"2003.xii.02"	"2004.v.28"	NA
"1576"	739	53	"2004.v.28"	"2004.vi.18"	NA
"1577"	1244	53	"2004.vi.18"	"2004.vii.09"	NA
"1578"	1245	53	"2004.vii.09"	"2004.vii.23"	NA
"1579"	1246	53	"2004.vii.23"	"2004.viii.05"	NA
"1580"	1247	53	"2004.viii.05"	"2004.viii.20"	NA
"1581"	1248	53	"2004.viii.20"	"2004.ix.03"	NA
"1582"	1249	53	"2004.ix.03"	"2004.ix.24"	NA
"1583"	1250	53	"2004.ix.24"	"2004.x.15"	NA
"1584"	191	54	"2003.viii.01"	"2003.viii.18"	NA
"1585"	192	54	"2003.viii.18"	"2003.ix.01"	NA
"1586"	193	54	"2003.ix.01"	"2003.ix.22"	NA
"1587"	194	54	"2003.ix.22"	"2003.x.14"	NA
"1588"	740	54	"2003.x.14"	"2003.xii.02"	NA
"1589"	741	54	"2003.xii.02"	"2004.vi.18"	NA
"1590"	1251	54	"2004.vi.18"	"2004.vii.09"	NA
"1591"	1252	54	"2004.vii.09"	"2004.vii.23"	NA
"1592"	1253	54	"2004.vii.23"	"2004.viii.05"	NA
"1593"	1254	54	"2004.viii.05"	"2004.viii.20"	NA
"1594"	1255	54	"2004.viii.20"	"2004.ix.03"	NA
"1595"	1256	54	"2004.ix.03"	"2004.ix.24"	NA
"1596"	1257	54	"2004.ix.24"	"2004.x.15"	NA
"1597"	195	55	"2003.viii.01"	"2003.viii.18"	NA
"1598"	196	55	"2003.viii.18"	"2003.ix.01"	NA
"1599"	197	55	"2003.ix.01"	"2003.ix.22"	NA
"1600"	198	55	"2003.ix.22"	"2003.x.14"	NA
"1601"	742	55	"2003.x.14"	"2003.xii.02"	NA
"1602"	743	55	"2003.xii.02"	"2004.iv.20"	NA
"1603"	744	55	"2004.iv.20"	"2004.v.28"	NA
"1604"	745	55	"2004.v.28"	"2004.vi.18"	NA
"1605"	1258	55	"2004.vi.18"	"2004.vii.09"	NA
"1606"	1259	55	"2004.vii.09"	"2004.vii.23"	NA
"1607"	1260	55	"2004.vii.23"	"2004.viii.05"	NA
"1608"	1261	55	"2004.viii.05"	"2004.viii.20"	NA
"1609"	1262	55	"2004.viii.20"	"2004.ix.03"	NA
"1610"	1263	55	"2004.ix.03"	"2004.ix.24"	NA
"1611"	1264	55	"2004.ix.24"	"2004.x.15"	NA
"1612"	199	56	"2003.viii.01"	"2003.viii.18"	NA
"1613"	200	56	"2003.viii.18"	"2003.ix.01"	NA
"1614"	201	56	"2003.ix.01"	"2003.ix.22"	NA
"1615"	202	56	"2003.ix.22"	"2003.x.14"	NA
"1616"	746	56	"2003.x.14"	"2003.xii.02"	NA
"1617"	747	56	"2003.xii.02"	"2004.iv.20"	NA
"1618"	748	56	"2004.iv.20"	"2004.v.28"	NA
"1619"	749	56	"2004.v.28"	"2004.vi.18"	NA
"1620"	1265	56	"2004.vi.18"	"2004.vii.09"	NA
"1621"	1266	56	"2004.vii.09"	"2004.vii.23"	NA
"1622"	1267	56	"2004.vii.23"	"2004.viii.05"	NA
"1623"	1268	56	"2004.viii.05"	"2004.viii.20"	NA
"1624"	1269	56	"2004.viii.20"	"2004.ix.03"	NA
"1625"	1270	56	"2004.ix.03"	"2004.ix.24"	NA
"1626"	1271	56	"2004.ix.24"	"2004.x.15"	NA
"1627"	203	57	"2003.viii.01"	"2003.viii.18"	NA
"1628"	204	57	"2003.viii.18"	"2003.ix.01"	NA
"1629"	205	57	"2003.ix.01"	"2003.ix.22"	NA
"1630"	206	57	"2003.ix.22"	"2003.x.14"	NA
"1631"	750	57	"2003.x.14"	"2003.xii.02"	NA
"1632"	751	57	"2003.xii.02"	"2004.vi.18"	NA
"1633"	1272	57	"2004.vi.18"	"2004.vii.09"	NA
"1634"	1273	57	"2004.vii.09"	"2004.vii.23"	NA
"1635"	1274	57	"2004.vii.23"	"2004.viii.05"	NA
"1636"	1275	57	"2004.viii.05"	"2004.viii.20"	NA
"1637"	1276	57	"2004.viii.20"	"2004.ix.03"	NA
"1638"	1277	57	"2004.ix.03"	"2004.ix.24"	NA
"1639"	1278	57	"2004.ix.24"	"2004.x.15"	NA
"1640"	207	58	"2003.viii.01"	"2003.viii.18"	NA
"1641"	208	58	"2003.viii.18"	"2003.ix.01"	NA
"1642"	209	58	"2003.ix.01"	"2003.ix.22"	NA
"1643"	210	58	"2003.ix.22"	"2003.x.14"	NA
"1644"	752	58	"2003.x.14"	"2003.xii.02"	NA
"1645"	753	58	"2003.xii.02"	"2004.iv.20"	NA
"1646"	754	58	"2004.iv.20"	"2004.v.28"	NA
"1647"	755	58	"2004.v.28"	"2004.vi.18"	NA
"1648"	1279	58	"2004.vi.18"	"2004.vii.09"	NA
"1649"	1280	58	"2004.vii.09"	"2004.vii.23"	NA
"1650"	1281	58	"2004.vii.23"	"2004.viii.05"	NA
"1651"	1282	58	"2004.viii.05"	"2004.viii.20"	NA
"1652"	1283	58	"2004.viii.20"	"2004.ix.03"	NA
"1653"	1284	58	"2004.ix.03"	"2004.ix.24"	NA
"1654"	1285	58	"2004.ix.24"	"2004.x.15"	NA
"1655"	211	59	"2003.viii.01"	"2003.viii.18"	NA
"1656"	212	59	"2003.viii.18"	"2003.ix.01"	NA
"1657"	213	59	"2003.ix.01"	"2003.ix.22"	NA
"1658"	214	59	"2003.ix.22"	"2003.x.14"	NA
"1659"	756	59	"2003.x.14"	"2003.xii.02"	NA
"1660"	757	59	"2003.xii.02"	"2004.v.28"	NA
"1661"	758	59	"2004.v.28"	"2004.vi.18"	NA
"1662"	1286	59	"2004.vi.18"	"2004.vii.09"	NA
"1663"	1287	59	"2004.vii.09"	"2004.vii.23"	NA
"1664"	1288	59	"2004.vii.23"	"2004.viii.05"	NA
"1665"	1289	59	"2004.viii.05"	"2004.viii.20"	NA
"1666"	1290	59	"2004.viii.20"	"2004.ix.03"	NA
"1667"	1291	59	"2004.ix.03"	"2004.ix.24"	NA
"1668"	1292	59	"2004.ix.24"	"2004.x.15"	NA
"1669"	215	60	"2003.viii.01"	"2003.viii.18"	NA
"1670"	216	60	"2003.viii.18"	"2003.ix.01"	NA
"1671"	217	60	"2003.ix.01"	"2003.ix.22"	NA
"1672"	218	60	"2003.ix.22"	"2003.x.14"	NA
"1673"	759	60	"2003.x.14"	"2003.xii.02"	NA
"1674"	760	60	"2003.xii.02"	"2004.vi.18"	NA
"1675"	1293	60	"2004.vi.18"	"2004.vii.09"	NA
"1676"	1294	60	"2004.vii.09"	"2004.vii.23"	NA
"1677"	1295	60	"2004.vii.23"	"2004.viii.05"	NA
"1678"	1296	60	"2004.viii.05"	"2004.viii.20"	NA
"1679"	1297	60	"2004.viii.20"	"2004.ix.03"	NA
"1680"	1298	60	"2004.ix.03"	"2004.ix.24"	NA
"1681"	1299	60	"2004.ix.24"	"2004.x.15"	NA
"1682"	219	61	"2003.viii.01"	"2003.viii.18"	NA
"1683"	220	61	"2003.viii.18"	"2003.ix.01"	NA
"1684"	221	61	"2003.ix.01"	"2003.ix.22"	NA
"1685"	222	61	"2003.ix.22"	"2003.x.14"	NA
"1686"	761	61	"2003.x.14"	"2003.xii.02"	NA
"1687"	762	61	"2003.xii.02"	"2004.v.28"	NA
"1688"	763	61	"2004.v.28"	"2004.vi.18"	NA
"1689"	1300	61	"2004.vi.18"	"2004.vii.09"	NA
"1690"	1301	61	"2004.vii.09"	"2004.vii.23"	NA
"1691"	1302	61	"2004.vii.23"	"2004.viii.05"	NA
"1692"	1303	61	"2004.viii.05"	"2004.viii.19"	NA
"1693"	1304	61	"2004.viii.19"	"2004.ix.03"	NA
"1694"	1305	61	"2004.ix.03"	"2004.ix.24"	NA
"1695"	1306	61	"2004.ix.24"	"2004.x.14"	NA
"1696"	1317	1000	"2005.iv.04"	"2005.v.05"	NA
"1697"	1318	1000	"2005.v.05"	"2005.v.20"	NA
"1698"	1319	1000	"2005.v.20"	"2005.vi.04"	NA
"1699"	1320	1000	"2005.vi.04"	"2005.vi.19"	NA
"1700"	1321	1000	"2005.vi.19"	"2005.vi.27"	NA
"1701"	1322	1000	"2005.vi.27"	"2005.vii.02"	NA
"1702"	1323	1000	"2005.vii.02"	"2005.vii.12"	NA
"1703"	1324	1000	"2005.vii.12"	"2005.vii.18"	NA
"1704"	1325	1000	"2005.vii.18"	"2005.viii.02"	NA
"1705"	1359	1000	"2005.viii.02"	"2005.viii.13"	NA
"1706"	1360	1000	"2005.viii.13"	"2005.viii.24"	NA
"1707"	1362	1000	"2005.viii.24"	"2005.ix.12"	NA
"1708"	1367	1000	"2005.ix.12"	"2005.x.10"	NA
"1709"	1428	1000	"2005.x.10"	"2005.xi.12"	NA
"1710"	1429	1000	"2005.xi.12"	"2005.xii.28"	" "
"1711"	1430	1000	"2005.xii.28"	"2006.iii.16"	NA
"1712"	1431	1000	"2006.iii.16"	"2006.iv.27"	NA
"1713"	1432	1000	"2006.iv.27"	"2006.v.18"	NA
"1714"	1433	1000	"2006.v.18"	"2006.vi.15"	NA
"1715"	1326	1001	"2005.iv.04"	"2005.v.05"	NA
"1716"	1327	1001	"2005.v.05"	"2005.v.20"	NA
"1717"	1328	1001	"2005.v.20"	"2005.vi.04"	NA
"1718"	1329	1001	"2005.vi.04"	"2005.vi.19"	NA
"1719"	1330	1001	"2005.vi.19"	"2005.vi.27"	NA
"1720"	1331	1001	"2005.vi.27"	"2005.vii.02"	NA
"1721"	1332	1001	"2005.vii.02"	"2005.vii.12"	NA
"1722"	1333	1001	"2005.vii.12"	"2005.vii.18"	NA
"1723"	1334	1001	"2005.vii.18"	"2005.vii.25"	NA
"1724"	1335	1001	"2005.vii.25"	"2005.viii.02"	NA
"1725"	1354	1001	"2005.viii.02"	"2005.viii.13"	NA
"1726"	1355	1001	"2005.viii.13"	"2005.viii.24"	NA
"1727"	1361	1001	"2005.viii.24"	"2005.ix.12"	NA
"1728"	1366	1001	"2005.ix.12"	"2005.x.10"	NA
"1729"	1434	1001	"2005.x.10"	"2005.xi.12"	NA
"1730"	1435	1001	"2005.xi.12"	"2005.xii.28"	NA
"1731"	1473	1001	"2005.xii.28"	"2006.iii.16"	NA
"1732"	1511	1001	"2006.iii.16"	"2006.iv.27"	NA
"1733"	1565	1001	"2006.iv.27"	"2006.v.18"	NA
"1734"	1728	1001	"2006.v.18"	"2006.vi.15"	NA
"1735"	1368	1002	"2005.iii.05"	"2005.iv.02"	NA
"1736"	1369	1002	"2005.iv.02"	"2005.iv.26"	NA
"1737"	1370	1002	"2005.iv.26"	"2005.v.14"	NA
"1738"	1371	1002	"2005.v.14"	"2005.vi.04"	NA
"1739"	1372	1002	"2005.vi.04"	"2005.vi.18"	NA
"1740"	1373	1002	"2005.vi.18"	"2005.vi.25"	NA
"1741"	1374	1002	"2005.vi.25"	"2005.vii.07"	NA
"1742"	1375	1002	"2005.vii.07"	"2005.vii.15"	NA
"1743"	1376	1002	"2005.vii.15"	"2005.vii.23"	NA
"1744"	1378	1002	"2005.vii.23"	"2005.viii.12"	NA
"1745"	1379	1002	"2005.viii.12"	"2005.viii.24"	NA
"1746"	1380	1002	"2005.viii.24"	"2005.ix.12"	NA
"1747"	1890	1002	"2005.ix.12"	"2005.x.03"	NA
"1748"	1891	1002	"2005.x.03"	"2005.x.31"	NA
"1749"	1892	1002	"2005.x.31"	"2005.xi.03"	NA
"1750"	1893	1002	"2005.xi.03"	"2006.i.03"	NA
"1751"	1894	1002	"2006.i.03"	"2006.ii.19"	NA
"1752"	1895	1002	"2006.ii.19"	"2006.v.07"	NA
"1753"	1381	1003	"2005.iii.04"	"2005.iv.03"	NA
"1754"	1382	1003	"2005.iv.03"	"2005.iv.26"	NA
"1755"	1383	1003	"2005.iv.26"	"2005.v.22"	NA
"1756"	1384	1003	"2005.v.22"	"2005.vi.05"	NA
"1757"	1385	1003	"2005.vi.05"	"2005.vi.18"	NA
"1758"	1386	1003	"2005.vi.18"	"2005.vi.27"	NA
"1759"	1387	1003	"2005.vi.27"	"2005.vii.10"	NA
"1760"	1388	1003	"2005.vii.10"	"2005.vii.24"	NA
"1761"	1389	1003	"2005.vii.24"	"2005.ix.12"	NA
"1762"	1896	1003	"2005.ix.12"	"2005.xi.03"	NA
"1763"	2008	1003	"2005.xi.03"	"2006.i.03"	NA
"1764"	2009	1003	"2006.i.03 "	"2006.ii.19"	NA
"1765"	1897	1003	"2006.ii.19"	"2006.v.06"	NA
"1766"	1794	1004	"2005.i.20"	"2005.iv.19"	NA
"1767"	1795	1004	"2005.iv.19"	"2005.v.24"	NA
"1768"	1796	1004	"2005.v.24"	"2005.vi.27"	NA
"1769"	1797	1004	"2005.vi.27"	"2005.vii.30"	NA
"1770"	1798	1004	"2005.vii.30"	"2005.viii.09"	NA
"1771"	1898	1004	"2005.viii.09"	"2005.ix.20"	NA
"1772"	1899	1004	"2005.ix.20"	"2005.x.31"	NA
"1773"	1900	1004	"2005.x.31"	"2006.v.04"	NA
"1774"	1417	1005	"2005.i.19"	"2005.v.01"	NA
"1775"	1418	1005	"2005.v.01"	"2005.v.22"	NA
"1776"	1419	1005	"2005.v.22"	"2005.vii.15"	NA
"1777"	1420	1005	"2005.vii.15"	"2005.vii.30"	NA
"1778"	1421	1005	"2005.vii.30"	"2005.ix.26"	NA
"1779"	1901	1005	"2005.ix.26"	"2006.ii.10"	NA
"1780"	1422	1006	"2005.i.19"	"2005.v.01"	NA
"1781"	1423	1006	"2005.v.01"	"2005.v.22"	NA
"1782"	1424	1006	"2005.v.22"	"2005.vii.15"	NA
"1783"	1425	1006	"2005.vii.15"	"2005.vii.15"	NA
"1784"	1426	1006	"2005.vii.30"	"2005.ix.26"	NA
"1785"	1902	1006	"2005.ix.26"	"2005.ix.26"	NA
"1786"	1982	1007	"2005.vii.01"	"2005.vii.13"	NA
"1787"	1983	1007	"2005.vii.13"	"2005.vii.21"	NA
"1788"	1984	1007	"2005.vii.21"	"2005.vii.27"	NA
"1789"	1985	1007	"2005.vii.27"	"2005.viii.04"	NA
"1790"	1986	1007	"2005.viii.04"	"2005.viii.11"	NA
"1791"	1987	1007	"2005.viii.11"	"2005.viii.17"	NA
"1792"	1988	1007	"2005.viii.17"	"2005.viii.31"	NA
"1793"	1989	1007	"2005.viii.31"	"2005.ix.06"	NA
"1794"	1990	1007	"2005.ix.06"	"2005.ix.14"	NA
"1795"	1991	1007	"2006.vi.01"	"2006.vi.26"	NA
"1796"	1981	1007	"2006.vi.26"	"2006.vii.15"	NA
"1797"	1027	1008	"2005.iv.20"	"2005.iv.25"	NA
"1798"	1028	1008	"2005.iv.25"	"2005.iv.30"	NA
"1799"	1029	1008	"2005.iv.30"	"2005.v.05"	NA
"1800"	1030	1008	"2005.v.05"	"2005.v.10"	NA
"1801"	1031	1008	"2005.v.10"	"2005.v.15"	NA
"1802"	1032	1008	"2005.v.15"	"2005.v.20"	NA
"1803"	1336	1008	"2005.v.20"	"2005.v.25"	NA
"1804"	1337	1008	"2005.v.25"	"2005.v.30"	NA
"1805"	1338	1008	"2005.v.30"	"2005.vi.05"	NA
"1806"	1339	1008	"2005.vi.05"	"2005.vi.10"	NA
"1807"	1340	1008	"2005.vi.10"	"2005.vi.15"	NA
"1808"	1341	1008	"2005.vi.15"	"2005.vi.20"	NA
"1809"	1342	1008	"2005.vi.20"	"2005.vi.25"	NA
"1810"	1343	1008	"2005.vi.25"	"2005.vi.30"	NA
"1811"	1344	1008	"2005.vi.30"	"2005.vii.05"	NA
"1812"	1345	1008	"2005.vii.05"	"2005.vii.10"	NA
"1813"	1346	1008	"2005.vii.10"	"2005.vii.15"	NA
"1814"	1347	1008	"2005.vii.15"	"2005.vii.20"	NA
"1815"	1348	1008	"2005.vii.20"	"2005.vii.25"	NA
"1816"	1349	1008	"2005.vii.25"	"2005.vii.30"	NA
"1817"	1350	1008	"2005.vii.30"	"2005.viii.05"	NA
"1818"	1351	1008	"2005.viii.05"	"2005.viii.10"	NA
"1819"	1352	1008	"2005.viii.10"	"2005.viii.15"	NA
"1820"	1483	1008	"2005.viii.15"	"2005.viii.20"	NA
"1821"	1484	1008	"2005.viii.20"	"2005.viii.25"	NA
"1822"	1485	1008	"2005.viii.25"	"2005.viii.30"	NA
"1823"	1486	1008	"2005.viii.30"	"2005.ix.10"	NA
"1824"	1487	1008	"2005.ix.10"	"2005.ix.20"	NA
"1825"	1488	1008	"2005.ix.20"	"2005.x.20"	NA
"1826"	1489	1008	"2005.x.20"	"2005.xi.20"	NA
"1827"	1490	1008	"2005.xi.20"	"2005.xii.24"	NA
"1828"	1491	1008	"2005.xii.24"	"2006.iv.02"	NA
"1829"	1492	1008	"2006.iv.02"	"2006.iv.30"	NA
"1830"	1732	1008	"2006.iv.30"	"2006.v.06"	NA
"1831"	1733	1008	"2006.v.06"	"2006.v.12"	NA
"1832"	1734	1008	"2006.v.12"	"2006.v.22"	NA
"1833"	1735	1008	"2006.v.22"	"2006.vi.01"	NA
"1834"	1736	1008	"2006.vi.01"	"2006.vi.10"	NA
"1835"	1737	1008	"2006.vi.10"	"2006.vi.16"	NA
"1836"	1738	1008	"2006.vi.16"	"2006.vi.22"	NA
"1837"	1739	1008	"2006.vi.22"	"2006.vi.28"	NA
"1838"	1740	1008	"2006.vi.28"	"2006.vii.04"	NA
"1839"	1741	1008	"2006.vii.04"	"2006.vii.10"	NA
"1840"	1742	1008	"2006.vii.10"	"2006.vii.16"	NA
"1841"	1743	1008	"2006.vii.16"	"2006.vii.22"	NA
"1842"	1744	1008	"2006.vii.22"	"2006.vii.28"	NA
"1843"	1745	1008	"2006.vii.28"	"2006.viii.08"	NA
"1844"	1746	1008	"2006.viii.08"	"2006.viii.19"	NA
"1845"	1747	1008	"2006.viii.19"	"2006.ix.05"	NA
"1846"	2000	1008	"2006.ix.05"	"2006.x.13"	NA
"1847"	1992	1353	"2005.vii.07"	"2005.vii.19"	NA
"1848"	1993	1353	"2005.vii.19"	"2005.viii.07"	NA
"1849"	1994	1353	"2005.viii.07"	"2005.viii.18"	NA
"1850"	1995	1353	"2005.viii.18"	"2005.ix.09"	NA
"1851"	1996	1353	"2005.ix.09"	"2005.ix.25"	NA
"1852"	1997	1353	"2005.ix.25"	"2005.x.13"	NA
"1853"	1998	1353	"2005.x.13"	"2005.x.28"	NA
"1854"	2031	2003	"2006.iii.01"	"2006.v.24"	NA
"1855"	2032	2003	"2006.v.24   "	"2006.vi.09"	NA
"1856"	2033	2003	"2006.vi.09"	"2006.vi.29"	NA
"1857"	2034	2003	"2006.vi.29 "	"2006.vii.07"	NA
"1858"	2035	2003	"2006.vii.07"	"2006.vii.24"	NA
"1859"	2036	2003	"2006.vii.24"	"2006.viii.14"	NA
"1860"	2037	2003	"2006.viii.14"	"2006.ix.08"	NA
"1861"	2038	2003	"2006.ix.08"	"2006.x.10"	NA
"1862"	2039	2003	"2006.x.10"	"2006.xi.23"	NA
"1863"	2010	2006	"2007.iv.11"	"2007.v.10"	NA
"1864"	2011	2006	"2007.v.10"	"2007.v.22"	NA
"1865"	2012	2006	"2007.v.22"	"2007.vi.01"	NA
"1866"	2013	2006	"2007.vi.01"	"2007.vi.15"	NA
"1867"	2014	2006	"2007.vi.15"	"2007.vii.02"	NA
"1868"	2015	2006	"2007.vii.02"	"2007.vii.13"	NA
"1869"	2016	2006	"2007.vii.13"	"2007.vii.24"	NA
"1870"	2017	2006	"2007.vii.24"	"2007.viii.01"	NA
"1871"	2018	2006	"2007.viii.01"	"2007.viii.16"	NA
"1872"	2019	2006	"2007.viii.16"	"2007.viii.31"	NA
"1873"	2020	2006	"2007.viii.31"	"2007.ix.05"	NA
"1874"	2021	2006	"2007.ix.05"	"2007.x.07"	NA
"1875"	2022	2006	"2007.x.07"	"2007.xi.10"	NA
"1876"	2023	2006	"2007.xi.10"	"2007.xii.01"	NA
"1877"	2024	2006	"2007.xii.01"	"2008.i.01"	NA
"1878"	2025	2006	"2008.i.01"	"2008.ii.04"	NA
"1879"	2026	2006	"2008.ii.04"	"2008.iv.01"	NA
"1880"	2027	2006	"2008.iv.01"	"2008.v.12"	NA
"1881"	2028	2006	"2008.v.12"	"2008.vi.05"	NA
"1882"	2029	2006	"2008.vi.05"	"2008.vi.21"	NA
"1883"	2030	2006	"2008.vi.21"	"2008.vii.12"	NA
"1884"	2040	2006	"2008.vii.12"	"2008.vii.24"	NA
"1885"	2041	2006	"2008.vii.24"	"2008.viii.12"	NA
"1886"	2042	2006	"2008.viii.12"	"2008.viii.29"	NA
"1887"	2043	2006	"2008.viii.29"	"2008.ix.11"	NA
"1888"	2044	2006	"2008.ix.11  "	"2008.x.03"	NA
"1889"	2045	2006	"2008.x.03"	"2008.xi.04"	NA
"1890"	2047	2046	"2008.i.01"	"2008.ii.01"	NA
"1891"	2048	2046	"2008.ii.01"	"2008.iii.01"	NA
"1892"	2049	2046	"2008.iii.01"	"2008.iv.01"	NA
"1893"	2050	2046	"2008.iv.01"	"2008.v.01"	NA
"1894"	2051	2046	"2008.v.01"	"2008.vi.01"	NA
"1895"	2052	2046	"2008.vi.01"	"2008.vi.15"	NA
"1896"	2053	2046	"2008.vi.15"	"2008.vii.01"	NA
"1897"	2054	2046	"2008.vii.01"	"2008.vii.16"	NA
"1898"	2055	2046	"2008.vii.16"	"2008.viii.01"	NA
"1899"	2056	2046	"2008.viii.01"	"2008.viii.16"	NA
"1900"	2057	2046	"2008.viii.16"	"2008.ix.01"	NA
"1901"	2058	2046	"2008.ix.01"	"2008.x.03"	NA
"1902"	2059	2046	"2008.x.03"	"2008.xi.01"	NA
"1903"	2060	2046	"2008.xi.01"	"2008.xii.01"	NA
"1904"	2061	2046	"2008.xii.01"	"2009.i.01"	NA
"1905"	3050	3001	"2014.v.15"	"2014.vi.09"	NA
"1906"	3052	3001	"2014.vi.10"	"2014.vii.09"	NA
"1907"	3054	3001	"2014.vii.10"	"2014.viii.05"	NA
"1908"	3056	3001	"2014.viii.06"	"2014.ix.06"	NA
"1909"	3058	3001	"2014.ix.07"	"2014.ix.24"	NA
"1910"	3051	3002	"2014.v.15"	"2014.vi.09"	NA
"1911"	3053	3002	"2014.vi.10"	"2014.vii.09"	NA
"1912"	3055	3002	"2014.vii.10"	"2014.viii.05"	NA
"1913"	3057	3002	"2014.viii.06"	"2014.ix.06"	NA
"1914"	3059	3002	"2014.ix.07"	"2014.ix.24"	NA
